file,line,type,commit,author,date,time,timezone,datetime,depth,length
style.css,1,css,b4574ee4,Allie Shi,2026-04-02,11:02:20,-07:00,2026-04-02T11:02:20-07:00,0,4
style.css,2,css,3884b31e,Allie Shi,2026-05-02,23:30:17,-07:00,2026-05-02T23:30:17-07:00,1,23
style.css,3,css,3884b31e,Allie Shi,2026-05-02,23:30:17,-07:00,2026-05-02T23:30:17-07:00,1,15
style.css,4,css,3884b31e,Allie Shi,2026-05-02,23:30:17,-07:00,2026-05-02T23:30:17-07:00,1,42
style.css,5,css,3884b31e,Allie Shi,2026-05-02,23:30:17,-07:00,2026-05-02T23:30:17-07:00,1,15
style.css,6,css,338e0c5e,Allie Shi,2026-04-09,16:54:18,-07:00,2026-04-09T16:54:18-07:00,0,0
style.css,7,css,3884b31e,Allie Shi,2026-05-02,23:30:17,-07:00,2026-05-02T23:30:17-07:00,0,0
style.css,8,css,3884b31e,Allie Shi,2026-05-02,23:30:17,-07:00,2026-05-02T23:30:17-07:00,0,5
style.css,9,css,3884b31e,Allie Shi,2026-05-02,23:30:17,-07:00,2026-05-02T23:30:17-07:00,1,31
style.css,10,css,3884b31e,Allie Shi,2026-05-02,23:30:17,-07:00,2026-05-02T23:30:17-07:00,0,0
style.css,11,css,3884b31e,Allie Shi,2026-05-02,23:30:17,-07:00,2026-05-02T23:30:17-07:00,0,0
style.css,12,css,338e0c5e,Allie Shi,2026-04-09,16:54:18,-07:00,2026-04-09T16:54:18-07:00,0,4
style.css,13,css,3884b31e,Allie Shi,2026-05-02,23:30:17,-07:00,2026-05-02T23:30:17-07:00,1,23
style.css,14,css,3884b31e,Allie Shi,2026-05-02,23:30:17,-07:00,2026-05-02T23:30:17-07:00,1,32
style.css,15,css,3884b31e,Allie Shi,2026-05-02,23:30:17,-07:00,2026-05-02T23:30:17-07:00,0,0
style.css,16,css,3884b31e,Allie Shi,2026-05-02,23:30:17,-07:00,2026-05-02T23:30:17-07:00,0,0
style.css,17,css,3884b31e,Allie Shi,2026-05-02,23:30:17,-07:00,2026-05-02T23:30:17-07:00,0,14
style.css,18,css,3884b31e,Allie Shi,2026-05-02,23:30:17,-07:00,2026-05-02T23:30:17-07:00,1,16
style.css,19,css,338e0c5e,Allie Shi,2026-04-09,16:54:18,-07:00,2026-04-09T16:54:18-07:00,0,0
style.css,20,css,b55e6bbd,Allie Shi,2026-05-02,21:37:55,-07:00,2026-05-02T21:37:55-07:00,0,0
style.css,21,css,338e0c5e,Allie Shi,2026-04-09,16:54:18,-07:00,2026-04-09T16:54:18-07:00,0,3
style.css,22,css,3884b31e,Allie Shi,2026-05-02,23:30:17,-07:00,2026-05-02T23:30:17-07:00,1,39
style.css,23,css,c0e932cd,Allie Shi,2026-04-17,14:12:50,-07:00,2026-04-17T14:12:50-07:00,0,0
style.css,24,css,3884b31e,Allie Shi,2026-05-02,23:30:17,-07:00,2026-05-02T23:30:17-07:00,1,12
style.css,25,css,3884b31e,Allie Shi,2026-05-02,23:30:17,-07:00,2026-05-02T23:30:17-07:00,1,17
style.css,26,css,3884b31e,Allie Shi,2026-05-02,23:30:17,-07:00,2026-05-02T23:30:17-07:00,1,41
style.css,27,css,338e0c5e,Allie Shi,2026-04-09,16:54:18,-07:00,2026-04-09T16:54:18-07:00,0,0
style.css,28,css,3884b31e,Allie Shi,2026-05-02,23:30:17,-07:00,2026-05-02T23:30:17-07:00,0,0
style.css,29,css,338e0c5e,Allie Shi,2026-04-09,16:54:18,-07:00,2026-04-09T16:54:18-07:00,0,5
style.css,30,css,3884b31e,Allie Shi,2026-05-02,23:30:17,-07:00,2026-05-02T23:30:17-07:00,1,6
style.css,31,css,3884b31e,Allie Shi,2026-05-02,23:30:17,-07:00,2026-05-02T23:30:17-07:00,1,20
style.css,32,css,3884b31e,Allie Shi,2026-05-02,23:30:17,-07:00,2026-05-02T23:30:17-07:00,1,13
style.css,33,css,3884b31e,Allie Shi,2026-05-02,23:30:17,-07:00,2026-05-02T23:30:17-07:00,1,17
style.css,34,css,3884b31e,Allie Shi,2026-05-02,23:30:17,-07:00,2026-05-02T23:30:17-07:00,1,15
style.css,35,css,338e0c5e,Allie Shi,2026-04-09,16:54:18,-07:00,2026-04-09T16:54:18-07:00,0,0
style.css,36,css,338e0c5e,Allie Shi,2026-04-09,16:54:18,-07:00,2026-04-09T16:54:18-07:00,0,0
style.css,37,css,338e0c5e,Allie Shi,2026-04-09,16:54:18,-07:00,2026-04-09T16:54:18-07:00,0,13
style.css,38,css,3884b31e,Allie Shi,2026-05-02,23:30:17,-07:00,2026-05-02T23:30:17-07:00,1,43
style.css,39,css,3884b31e,Allie Shi,2026-05-02,23:30:17,-07:00,2026-05-02T23:30:17-07:00,1,20
style.css,40,css,338e0c5e,Allie Shi,2026-04-09,16:54:18,-07:00,2026-04-09T16:54:18-07:00,0,0
style.css,41,css,75c1613a,Allie Shi,2026-04-17,14:21:25,-07:00,2026-04-17T14:21:25-07:00,0,0
style.css,42,css,75c1613a,Allie Shi,2026-04-17,14:21:25,-07:00,2026-04-17T14:21:25-07:00,0,11
style.css,43,css,3884b31e,Allie Shi,2026-05-02,23:30:17,-07:00,2026-05-02T23:30:17-07:00,1,69
style.css,44,css,3884b31e,Allie Shi,2026-05-02,23:30:17,-07:00,2026-05-02T23:30:17-07:00,1,45
style.css,45,css,3884b31e,Allie Shi,2026-05-02,23:30:17,-07:00,2026-05-02T23:30:17-07:00,1,20
style.css,46,css,3884b31e,Allie Shi,2026-05-02,23:30:17,-07:00,2026-05-02T23:30:17-07:00,0,0
style.css,47,css,1ac357b8,Allie Shi,2026-04-17,14:33:10,-07:00,2026-04-17T14:33:10-07:00,0,0
style.css,48,css,3884b31e,Allie Shi,2026-05-02,23:30:17,-07:00,2026-05-02T23:30:17-07:00,0,22
style.css,49,css,3884b31e,Allie Shi,2026-05-02,23:30:17,-07:00,2026-05-02T23:30:17-07:00,1,15
style.css,50,css,3884b31e,Allie Shi,2026-05-02,23:30:17,-07:00,2026-05-02T23:30:17-07:00,1,17
style.css,51,css,3884b31e,Allie Shi,2026-05-02,23:30:17,-07:00,2026-05-02T23:30:17-07:00,1,12
style.css,52,css,338e0c5e,Allie Shi,2026-04-09,16:54:18,-07:00,2026-04-09T16:54:18-07:00,0,0
style.css,53,css,3884b31e,Allie Shi,2026-05-02,23:30:17,-07:00,2026-05-02T23:30:17-07:00,0,0
style.css,54,css,3884b31e,Allie Shi,2026-05-02,23:30:17,-07:00,2026-05-02T23:30:17-07:00,0,2
style.css,55,css,3884b31e,Allie Shi,2026-05-02,23:30:17,-07:00,2026-05-02T23:30:17-07:00,1,14
style.css,56,css,338e0c5e,Allie Shi,2026-04-09,16:54:18,-07:00,2026-04-09T16:54:18-07:00,0,0
style.css,57,css,3884b31e,Allie Shi,2026-05-02,23:30:17,-07:00,2026-05-02T23:30:17-07:00,0,0
style.css,58,css,3884b31e,Allie Shi,2026-05-02,23:30:17,-07:00,2026-05-02T23:30:17-07:00,0,2
style.css,59,css,3884b31e,Allie Shi,2026-05-02,23:30:17,-07:00,2026-05-02T23:30:17-07:00,1,16
style.css,60,css,3884b31e,Allie Shi,2026-05-02,23:30:17,-07:00,2026-05-02T23:30:17-07:00,1,14
style.css,61,css,3884b31e,Allie Shi,2026-05-02,23:30:17,-07:00,2026-05-02T23:30:17-07:00,1,41
style.css,62,css,3884b31e,Allie Shi,2026-05-02,23:30:17,-07:00,2026-05-02T23:30:17-07:00,1,20
style.css,63,css,338e0c5e,Allie Shi,2026-04-09,16:54:18,-07:00,2026-04-09T16:54:18-07:00,0,0
style.css,64,css,3884b31e,Allie Shi,2026-05-02,23:30:17,-07:00,2026-05-02T23:30:17-07:00,0,0
style.css,65,css,3884b31e,Allie Shi,2026-05-02,23:30:17,-07:00,2026-05-02T23:30:17-07:00,0,2
style.css,66,css,3884b31e,Allie Shi,2026-05-02,23:30:17,-07:00,2026-05-02T23:30:17-07:00,1,16
style.css,67,css,3884b31e,Allie Shi,2026-05-02,23:30:17,-07:00,2026-05-02T23:30:17-07:00,1,19
style.css,68,css,3884b31e,Allie Shi,2026-05-02,23:30:17,-07:00,2026-05-02T23:30:17-07:00,1,15
style.css,69,css,338e0c5e,Allie Shi,2026-04-09,16:54:18,-07:00,2026-04-09T16:54:18-07:00,0,0
style.css,70,css,3884b31e,Allie Shi,2026-05-02,23:30:17,-07:00,2026-05-02T23:30:17-07:00,0,0
style.css,71,css,3884b31e,Allie Shi,2026-05-02,23:30:17,-07:00,2026-05-02T23:30:17-07:00,0,6
style.css,72,css,3884b31e,Allie Shi,2026-05-02,23:30:17,-07:00,2026-05-02T23:30:17-07:00,1,16
style.css,73,css,338e0c5e,Allie Shi,2026-04-09,16:54:18,-07:00,2026-04-09T16:54:18-07:00,0,0
style.css,74,css,3884b31e,Allie Shi,2026-05-02,23:30:17,-07:00,2026-05-02T23:30:17-07:00,0,0
style.css,75,css,3884b31e,Allie Shi,2026-05-02,23:30:17,-07:00,2026-05-02T23:30:17-07:00,0,6
style.css,76,css,3884b31e,Allie Shi,2026-05-02,23:30:17,-07:00,2026-05-02T23:30:17-07:00,1,17
style.css,77,css,3884b31e,Allie Shi,2026-05-02,23:30:17,-07:00,2026-05-02T23:30:17-07:00,1,43
style.css,78,css,3884b31e,Allie Shi,2026-05-02,23:30:17,-07:00,2026-05-02T23:30:17-07:00,1,20
style.css,79,css,338e0c5e,Allie Shi,2026-04-09,16:54:18,-07:00,2026-04-09T16:54:18-07:00,0,0
style.css,80,css,3884b31e,Allie Shi,2026-05-02,23:30:17,-07:00,2026-05-02T23:30:17-07:00,0,0
style.css,81,css,3884b31e,Allie Shi,2026-05-02,23:30:17,-07:00,2026-05-02T23:30:17-07:00,0,9
style.css,82,css,3884b31e,Allie Shi,2026-05-02,23:30:17,-07:00,2026-05-02T23:30:17-07:00,1,19
style.css,83,css,338e0c5e,Allie Shi,2026-04-09,16:54:18,-07:00,2026-04-09T16:54:18-07:00,0,0
style.css,84,css,3884b31e,Allie Shi,2026-05-02,23:30:17,-07:00,2026-05-02T23:30:17-07:00,0,0
style.css,85,css,3884b31e,Allie Shi,2026-05-02,23:30:17,-07:00,2026-05-02T23:30:17-07:00,0,8
style.css,86,css,3884b31e,Allie Shi,2026-05-02,23:30:17,-07:00,2026-05-02T23:30:17-07:00,1,8
style.css,87,css,3884b31e,Allie Shi,2026-05-02,23:30:17,-07:00,2026-05-02T23:30:17-07:00,1,23
style.css,88,css,3884b31e,Allie Shi,2026-05-02,23:30:17,-07:00,2026-05-02T23:30:17-07:00,0,0
style.css,89,css,3884b31e,Allie Shi,2026-05-02,23:30:17,-07:00,2026-05-02T23:30:17-07:00,0,0
style.css,90,css,3884b31e,Allie Shi,2026-05-02,23:30:17,-07:00,2026-05-02T23:30:17-07:00,0,11
style.css,91,css,3884b31e,Allie Shi,2026-05-02,23:30:17,-07:00,2026-05-02T23:30:17-07:00,1,12
style.css,92,css,3884b31e,Allie Shi,2026-05-02,23:30:17,-07:00,2026-05-02T23:30:17-07:00,1,29
style.css,93,css,3884b31e,Allie Shi,2026-05-02,23:30:17,-07:00,2026-05-02T23:30:17-07:00,1,20
style.css,94,css,3884b31e,Allie Shi,2026-05-02,23:30:17,-07:00,2026-05-02T23:30:17-07:00,1,7
style.css,95,css,3884b31e,Allie Shi,2026-05-02,23:30:17,-07:00,2026-05-02T23:30:17-07:00,0,0
style.css,96,css,3884b31e,Allie Shi,2026-05-02,23:30:17,-07:00,2026-05-02T23:30:17-07:00,0,0
style.css,97,css,3884b31e,Allie Shi,2026-05-02,23:30:17,-07:00,2026-05-02T23:30:17-07:00,0,14
style.css,98,css,3884b31e,Allie Shi,2026-05-02,23:30:17,-07:00,2026-05-02T23:30:17-07:00,1,8
style.css,99,css,3884b31e,Allie Shi,2026-05-02,23:30:17,-07:00,2026-05-02T23:30:17-07:00,0,0
style.css,100,css,3884b31e,Allie Shi,2026-05-02,23:30:17,-07:00,2026-05-02T23:30:17-07:00,0,0
style.css,101,css,3884b31e,Allie Shi,2026-05-02,23:30:17,-07:00,2026-05-02T23:30:17-07:00,0,13
style.css,102,css,3884b31e,Allie Shi,2026-05-02,23:30:17,-07:00,2026-05-02T23:30:17-07:00,1,8
style.css,103,css,3884b31e,Allie Shi,2026-05-02,23:30:17,-07:00,2026-05-02T23:30:17-07:00,1,23
style.css,104,css,3884b31e,Allie Shi,2026-05-02,23:30:17,-07:00,2026-05-02T23:30:17-07:00,1,15
style.css,105,css,3884b31e,Allie Shi,2026-05-02,23:30:17,-07:00,2026-05-02T23:30:17-07:00,1,18
style.css,106,css,3884b31e,Allie Shi,2026-05-02,23:30:17,-07:00,2026-05-02T23:30:17-07:00,0,0
style.css,107,css,3884b31e,Allie Shi,2026-05-02,23:30:17,-07:00,2026-05-02T23:30:17-07:00,0,0
style.css,108,css,3884b31e,Allie Shi,2026-05-02,23:30:17,-07:00,2026-05-02T23:30:17-07:00,0,7
style.css,109,css,3884b31e,Allie Shi,2026-05-02,23:30:17,-07:00,2026-05-02T23:30:17-07:00,1,17
style.css,110,css,3884b31e,Allie Shi,2026-05-02,23:30:17,-07:00,2026-05-02T23:30:17-07:00,1,16
style.css,111,css,3884b31e,Allie Shi,2026-05-02,23:30:17,-07:00,2026-05-02T23:30:17-07:00,1,14
style.css,112,css,774b1cc8,Allie Shi,2026-04-17,15:29:00,-07:00,2026-04-17T15:29:00-07:00,0,0
style.css,113,css,3884b31e,Allie Shi,2026-05-02,23:30:17,-07:00,2026-05-02T23:30:17-07:00,0,0
style.css,114,css,3884b31e,Allie Shi,2026-05-02,23:30:17,-07:00,2026-05-02T23:30:17-07:00,0,4
style.css,115,css,3884b31e,Allie Shi,2026-05-02,23:30:17,-07:00,2026-05-02T23:30:17-07:00,1,19
style.css,116,css,3884b31e,Allie Shi,2026-05-02,23:30:17,-07:00,2026-05-02T23:30:17-07:00,0,0
style.css,117,css,3884b31e,Allie Shi,2026-05-02,23:30:17,-07:00,2026-05-02T23:30:17-07:00,0,0
style.css,118,css,3884b31e,Allie Shi,2026-05-02,23:30:17,-07:00,2026-05-02T23:30:17-07:00,0,8
style.css,119,css,3884b31e,Allie Shi,2026-05-02,23:30:17,-07:00,2026-05-02T23:30:17-07:00,1,8
style.css,120,css,3884b31e,Allie Shi,2026-05-02,23:30:17,-07:00,2026-05-02T23:30:17-07:00,1,23
style.css,121,css,3884b31e,Allie Shi,2026-05-02,23:30:17,-07:00,2026-05-02T23:30:17-07:00,1,15
style.css,122,css,3884b31e,Allie Shi,2026-05-02,23:30:17,-07:00,2026-05-02T23:30:17-07:00,0,0
style.css,123,css,3884b31e,Allie Shi,2026-05-02,23:30:17,-07:00,2026-05-02T23:30:17-07:00,0,0
style.css,124,css,3884b31e,Allie Shi,2026-05-02,23:30:17,-07:00,2026-05-02T23:30:17-07:00,0,2
style.css,125,css,3884b31e,Allie Shi,2026-05-02,23:30:17,-07:00,2026-05-02T23:30:17-07:00,1,16
style.css,126,css,3884b31e,Allie Shi,2026-05-02,23:30:17,-07:00,2026-05-02T23:30:17-07:00,1,18
style.css,127,css,3884b31e,Allie Shi,2026-05-02,23:30:17,-07:00,2026-05-02T23:30:17-07:00,0,0
style.css,128,css,3884b31e,Allie Shi,2026-05-02,23:30:17,-07:00,2026-05-02T23:30:17-07:00,0,0
style.css,129,css,3884b31e,Allie Shi,2026-05-02,23:30:17,-07:00,2026-05-02T23:30:17-07:00,0,2
style.css,130,css,3884b31e,Allie Shi,2026-05-02,23:30:17,-07:00,2026-05-02T23:30:17-07:00,1,19
style.css,131,css,3884b31e,Allie Shi,2026-05-02,23:30:17,-07:00,2026-05-02T23:30:17-07:00,0,0
style.css,132,css,3884b31e,Allie Shi,2026-05-02,23:30:17,-07:00,2026-05-02T23:30:17-07:00,0,0
style.css,133,css,774b1cc8,Allie Shi,2026-04-17,15:29:00,-07:00,2026-04-17T15:29:00-07:00,0,4
style.css,134,css,774b1cc8,Allie Shi,2026-04-17,15:29:00,-07:00,2026-04-17T15:29:00-07:00,0,7
style.css,135,css,774b1cc8,Allie Shi,2026-04-17,15:29:00,-07:00,2026-04-17T15:29:00-07:00,0,5
style.css,136,css,774b1cc8,Allie Shi,2026-04-17,15:29:00,-07:00,2026-04-17T15:29:00-07:00,0,6
style.css,137,css,3884b31e,Allie Shi,2026-05-02,23:30:17,-07:00,2026-05-02T23:30:17-07:00,1,12
style.css,138,css,3884b31e,Allie Shi,2026-05-02,23:30:17,-07:00,2026-05-02T23:30:17-07:00,1,34
style.css,139,css,3884b31e,Allie Shi,2026-05-02,23:30:17,-07:00,2026-05-02T23:30:17-07:00,1,10
style.css,140,css,3884b31e,Allie Shi,2026-05-02,23:30:17,-07:00,2026-05-02T23:30:17-07:00,1,21
style.css,141,css,3884b31e,Allie Shi,2026-05-02,23:30:17,-07:00,2026-05-02T23:30:17-07:00,0,0
style.css,142,css,3884b31e,Allie Shi,2026-05-02,23:30:17,-07:00,2026-05-02T23:30:17-07:00,0,0
style.css,143,css,3884b31e,Allie Shi,2026-05-02,23:30:17,-07:00,2026-05-02T23:30:17-07:00,0,4
style.css,144,css,3884b31e,Allie Shi,2026-05-02,23:30:17,-07:00,2026-05-02T23:30:17-07:00,1,12
style.css,145,css,3884b31e,Allie Shi,2026-05-02,23:30:17,-07:00,2026-05-02T23:30:17-07:00,1,30
style.css,146,css,3884b31e,Allie Shi,2026-05-02,23:30:17,-07:00,2026-05-02T23:30:17-07:00,1,7
style.css,147,css,3884b31e,Allie Shi,2026-05-02,23:30:17,-07:00,2026-05-02T23:30:17-07:00,0,0
style.css,148,css,3884b31e,Allie Shi,2026-05-02,23:30:17,-07:00,2026-05-02T23:30:17-07:00,0,0
style.css,149,css,3884b31e,Allie Shi,2026-05-02,23:30:17,-07:00,2026-05-02T23:30:17-07:00,0,6
style.css,150,css,3884b31e,Allie Shi,2026-05-02,23:30:17,-07:00,2026-05-02T23:30:17-07:00,1,18
style.css,151,css,3884b31e,Allie Shi,2026-05-02,23:30:17,-07:00,2026-05-02T23:30:17-07:00,0,0
style.css,152,css,3884b31e,Allie Shi,2026-05-02,23:30:17,-07:00,2026-05-02T23:30:17-07:00,0,0
style.css,153,css,3884b31e,Allie Shi,2026-05-02,23:30:17,-07:00,2026-05-02T23:30:17-07:00,0,5
style.css,154,css,3884b31e,Allie Shi,2026-05-02,23:30:17,-07:00,2026-05-02T23:30:17-07:00,1,12
style.css,155,css,3884b31e,Allie Shi,2026-05-02,23:30:17,-07:00,2026-05-02T23:30:17-07:00,1,29
style.css,156,css,3884b31e,Allie Shi,2026-05-02,23:30:17,-07:00,2026-05-02T23:30:17-07:00,1,18
style.css,157,css,3884b31e,Allie Shi,2026-05-02,23:30:17,-07:00,2026-05-02T23:30:17-07:00,1,7
style.css,158,css,3884b31e,Allie Shi,2026-05-02,23:30:17,-07:00,2026-05-02T23:30:17-07:00,0,0
style.css,159,css,3884b31e,Allie Shi,2026-05-02,23:30:17,-07:00,2026-05-02T23:30:17-07:00,0,0
style.css,160,css,3884b31e,Allie Shi,2026-05-02,23:30:17,-07:00,2026-05-02T23:30:17-07:00,0,9
style.css,161,css,3884b31e,Allie Shi,2026-05-02,23:30:17,-07:00,2026-05-02T23:30:17-07:00,1,12
style.css,162,css,3884b31e,Allie Shi,2026-05-02,23:30:17,-07:00,2026-05-02T23:30:17-07:00,1,58
style.css,163,css,3884b31e,Allie Shi,2026-05-02,23:30:17,-07:00,2026-05-02T23:30:17-07:00,1,7
style.css,164,css,3884b31e,Allie Shi,2026-05-02,23:30:17,-07:00,2026-05-02T23:30:17-07:00,0,0
style.css,165,css,3884b31e,Allie Shi,2026-05-02,23:30:17,-07:00,2026-05-02T23:30:17-07:00,0,0
style.css,166,css,3884b31e,Allie Shi,2026-05-02,23:30:17,-07:00,2026-05-02T23:30:17-07:00,0,17
style.css,167,css,3884b31e,Allie Shi,2026-05-02,23:30:17,-07:00,2026-05-02T23:30:17-07:00,1,12
style.css,168,css,3884b31e,Allie Shi,2026-05-02,23:30:17,-07:00,2026-05-02T23:30:17-07:00,1,26
style.css,169,css,3884b31e,Allie Shi,2026-05-02,23:30:17,-07:00,2026-05-02T23:30:17-07:00,1,15
style.css,170,css,3884b31e,Allie Shi,2026-05-02,23:30:17,-07:00,2026-05-02T23:30:17-07:00,1,7
style.css,171,css,3884b31e,Allie Shi,2026-05-02,23:30:17,-07:00,2026-05-02T23:30:17-07:00,0,0
style.css,172,css,3884b31e,Allie Shi,2026-05-02,23:30:17,-07:00,2026-05-02T23:30:17-07:00,0,0
style.css,173,css,3884b31e,Allie Shi,2026-05-02,23:30:17,-07:00,2026-05-02T23:30:17-07:00,0,20
style.css,174,css,3884b31e,Allie Shi,2026-05-02,23:30:17,-07:00,2026-05-02T23:30:17-07:00,1,8
style.css,175,css,3884b31e,Allie Shi,2026-05-02,23:30:17,-07:00,2026-05-02T23:30:17-07:00,0,0
style.css,176,css,3884b31e,Allie Shi,2026-05-02,23:30:17,-07:00,2026-05-02T23:30:17-07:00,0,0
style.css,177,css,3884b31e,Allie Shi,2026-05-02,23:30:17,-07:00,2026-05-02T23:30:17-07:00,0,21
style.css,178,css,3884b31e,Allie Shi,2026-05-02,23:30:17,-07:00,2026-05-02T23:30:17-07:00,1,10
style.css,179,css,3884b31e,Allie Shi,2026-05-02,23:30:17,-07:00,2026-05-02T23:30:17-07:00,1,12
style.css,180,css,3884b31e,Allie Shi,2026-05-02,23:30:17,-07:00,2026-05-02T23:30:17-07:00,1,16
style.css,181,css,3884b31e,Allie Shi,2026-05-02,23:30:17,-07:00,2026-05-02T23:30:17-07:00,1,13
style.css,182,css,3884b31e,Allie Shi,2026-05-02,23:30:17,-07:00,2026-05-02T23:30:17-07:00,0,0
style.css,183,css,3884b31e,Allie Shi,2026-05-02,23:30:17,-07:00,2026-05-02T23:30:17-07:00,0,0
style.css,184,css,3884b31e,Allie Shi,2026-05-02,23:30:17,-07:00,2026-05-02T23:30:17-07:00,0,19
style.css,185,css,3884b31e,Allie Shi,2026-05-02,23:30:17,-07:00,2026-05-02T23:30:17-07:00,1,8
style.css,186,css,53fa65a4,Allie Shi,2026-04-24,12:53:48,-07:00,2026-04-24T12:53:48-07:00,0,0
style.css,187,css,3884b31e,Allie Shi,2026-05-02,23:30:17,-07:00,2026-05-02T23:30:17-07:00,0,0
style.css,188,css,3884b31e,Allie Shi,2026-05-02,23:30:17,-07:00,2026-05-02T23:30:17-07:00,0,18
style.css,189,css,3884b31e,Allie Shi,2026-05-02,23:30:17,-07:00,2026-05-02T23:30:17-07:00,1,17
style.css,190,css,3884b31e,Allie Shi,2026-05-02,23:30:17,-07:00,2026-05-02T23:30:17-07:00,1,8
style.css,191,css,3884b31e,Allie Shi,2026-05-02,23:30:17,-07:00,2026-05-02T23:30:17-07:00,1,10
style.css,192,css,3884b31e,Allie Shi,2026-05-02,23:30:17,-07:00,2026-05-02T23:30:17-07:00,1,13
style.css,193,css,3884b31e,Allie Shi,2026-05-02,23:30:17,-07:00,2026-05-02T23:30:17-07:00,0,0
style.css,194,css,3884b31e,Allie Shi,2026-05-02,23:30:17,-07:00,2026-05-02T23:30:17-07:00,1,12
style.css,195,css,3884b31e,Allie Shi,2026-05-02,23:30:17,-07:00,2026-05-02T23:30:17-07:00,1,18
style.css,196,css,3884b31e,Allie Shi,2026-05-02,23:30:17,-07:00,2026-05-02T23:30:17-07:00,1,9
style.css,197,css,3884b31e,Allie Shi,2026-05-02,23:30:17,-07:00,2026-05-02T23:30:17-07:00,0,0
style.css,198,css,3884b31e,Allie Shi,2026-05-02,23:30:17,-07:00,2026-05-02T23:30:17-07:00,0,0
style.css,199,css,3884b31e,Allie Shi,2026-05-02,23:30:17,-07:00,2026-05-02T23:30:17-07:00,0,14
style.css,200,css,3884b31e,Allie Shi,2026-05-02,23:30:17,-07:00,2026-05-02T23:30:17-07:00,1,46
style.css,201,css,3884b31e,Allie Shi,2026-05-02,23:30:17,-07:00,2026-05-02T23:30:17-07:00,1,14
style.css,202,css,3884b31e,Allie Shi,2026-05-02,23:30:17,-07:00,2026-05-02T23:30:17-07:00,0,0
style.css,203,css,3884b31e,Allie Shi,2026-05-02,23:30:17,-07:00,2026-05-02T23:30:17-07:00,0,0
style.css,204,css,53fa65a4,Allie Shi,2026-04-24,12:53:48,-07:00,2026-04-24T12:53:48-07:00,0,17
style.css,205,css,53fa65a4,Allie Shi,2026-04-24,12:53:48,-07:00,2026-04-24T12:53:48-07:00,1,12
style.css,206,css,53fa65a4,Allie Shi,2026-04-24,12:53:48,-07:00,2026-04-24T12:53:48-07:00,1,36
style.css,207,css,53fa65a4,Allie Shi,2026-04-24,12:53:48,-07:00,2026-04-24T12:53:48-07:00,1,8
style.css,208,css,3884b31e,Allie Shi,2026-05-02,23:30:17,-07:00,2026-05-02T23:30:17-07:00,1,8
style.css,209,css,53fa65a4,Allie Shi,2026-04-24,12:53:48,-07:00,2026-04-24T12:53:48-07:00,0,0
style.css,210,css,53fa65a4,Allie Shi,2026-04-24,12:53:48,-07:00,2026-04-24T12:53:48-07:00,0,0
style.css,211,css,53fa65a4,Allie Shi,2026-04-24,12:53:48,-07:00,2026-04-24T12:53:48-07:00,0,17
style.css,212,css,53fa65a4,Allie Shi,2026-04-24,12:53:48,-07:00,2026-04-24T12:53:48-07:00,1,10
style.css,213,css,3884b31e,Allie Shi,2026-05-02,23:30:17,-07:00,2026-05-02T23:30:17-07:00,1,14
style.css,214,css,3884b31e,Allie Shi,2026-05-02,23:30:17,-07:00,2026-05-02T23:30:17-07:00,1,33
style.css,215,css,3884b31e,Allie Shi,2026-05-02,23:30:17,-07:00,2026-05-02T23:30:17-07:00,1,15
style.css,216,css,3884b31e,Allie Shi,2026-05-02,23:30:17,-07:00,2026-05-02T23:30:17-07:00,1,24
style.css,217,css,3884b31e,Allie Shi,2026-05-02,23:30:17,-07:00,2026-05-02T23:30:17-07:00,1,21
style.css,218,css,53fa65a4,Allie Shi,2026-04-24,12:53:48,-07:00,2026-04-24T12:53:48-07:00,0,0
style.css,219,css,53fa65a4,Allie Shi,2026-04-24,12:53:48,-07:00,2026-04-24T12:53:48-07:00,0,0
style.css,220,css,53fa65a4,Allie Shi,2026-04-24,12:53:48,-07:00,2026-04-24T12:53:48-07:00,0,17
style.css,221,css,53fa65a4,Allie Shi,2026-04-24,12:53:48,-07:00,2026-04-24T12:53:48-07:00,1,10
style.css,222,css,3884b31e,Allie Shi,2026-05-02,23:30:17,-07:00,2026-05-02T23:30:17-07:00,1,14
style.css,223,css,3884b31e,Allie Shi,2026-05-02,23:30:17,-07:00,2026-05-02T23:30:17-07:00,1,15
style.css,224,css,53fa65a4,Allie Shi,2026-04-24,12:53:48,-07:00,2026-04-24T12:53:48-07:00,1,8
style.css,225,css,3884b31e,Allie Shi,2026-05-02,23:30:17,-07:00,2026-05-02T23:30:17-07:00,1,23
style.css,226,css,3884b31e,Allie Shi,2026-05-02,23:30:17,-07:00,2026-05-02T23:30:17-07:00,1,13
style.css,227,css,460a834c,Allie Shi,2026-05-01,11:35:46,-07:00,2026-05-01T11:35:46-07:00,0,0
style.css,228,css,460a834c,Allie Shi,2026-05-01,11:35:46,-07:00,2026-05-01T11:35:46-07:00,0,0
style.css,229,css,460a834c,Allie Shi,2026-05-01,11:35:46,-07:00,2026-05-01T11:35:46-07:00,0,13
style.css,230,css,3884b31e,Allie Shi,2026-05-02,23:30:17,-07:00,2026-05-02T23:30:17-07:00,1,30
style.css,231,css,3884b31e,Allie Shi,2026-05-02,23:30:17,-07:00,2026-05-02T23:30:17-07:00,1,34
style.css,232,css,3884b31e,Allie Shi,2026-05-02,23:30:17,-07:00,2026-05-02T23:30:17-07:00,1,16
style.css,233,css,3884b31e,Allie Shi,2026-05-02,23:30:17,-07:00,2026-05-02T23:30:17-07:00,1,10
style.css,234,css,b598256c,Allie Shi,2026-05-01,11:54:07,-07:00,2026-05-01T11:54:07-07:00,0,0
style.css,235,css,3884b31e,Allie Shi,2026-05-02,23:30:17,-07:00,2026-05-02T23:30:17-07:00,0,0
style.css,236,css,d64deda9,Allie Shi,2026-05-06,23:54:32,-07:00,2026-05-06T23:54:32-07:00,0,0
style.css,237,css,d64deda9,Allie Shi,2026-05-06,23:54:32,-07:00,2026-05-06T23:54:32-07:00,0,23
style.css,238,css,d64deda9,Allie Shi,2026-05-06,23:54:32,-07:00,2026-05-06T23:54:32-07:00,1,16
style.css,239,css,d64deda9,Allie Shi,2026-05-06,23:54:32,-07:00,2026-05-06T23:54:32-07:00,1,14
style.css,240,css,d64deda9,Allie Shi,2026-05-06,23:54:32,-07:00,2026-05-06T23:54:32-07:00,0,0
style.css,241,css,d64deda9,Allie Shi,2026-05-06,23:54:32,-07:00,2026-05-06T23:54:32-07:00,0,0
style.css,242,css,cef73c5f,Allie Shi,2026-05-02,23:22:06,-07:00,2026-05-02T23:22:06-07:00,0,18
style.css,243,css,2d66ca79,Allie Shi,2026-05-02,23:28:40,-07:00,2026-05-02T23:28:40-07:00,1,10
style.css,244,css,2d66ca79,Allie Shi,2026-05-02,23:28:40,-07:00,2026-05-02T23:28:40-07:00,1,14
style.css,245,css,2d66ca79,Allie Shi,2026-05-02,23:28:40,-07:00,2026-05-02T23:28:40-07:00,1,13
style.css,246,css,cef73c5f,Allie Shi,2026-05-02,23:22:06,-07:00,2026-05-02T23:22:06-07:00,1,11
style.css,247,css,2d66ca79,Allie Shi,2026-05-02,23:28:40,-07:00,2026-05-02T23:28:40-07:00,1,17
style.css,248,css,be8a0533,Allie Shi,2026-05-02,23:12:27,-07:00,2026-05-02T23:12:27-07:00,0,0
style.css,249,css,2d66ca79,Allie Shi,2026-05-02,23:28:40,-07:00,2026-05-02T23:28:40-07:00,0,0
style.css,250,css,80aed741,Allie Shi,2026-05-02,20:52:47,-07:00,2026-05-02T20:52:47-07:00,0,7
style.css,251,css,80aed741,Allie Shi,2026-05-02,20:52:47,-07:00,2026-05-02T20:52:47-07:00,1,12
style.css,252,css,2d66ca79,Allie Shi,2026-05-02,23:28:40,-07:00,2026-05-02T23:28:40-07:00,1,56
style.css,253,css,2d66ca79,Allie Shi,2026-05-02,23:28:40,-07:00,2026-05-02T23:28:40-07:00,1,7
style.css,254,css,2d66ca79,Allie Shi,2026-05-02,23:28:40,-07:00,2026-05-02T23:28:40-07:00,1,11
style.css,255,css,2d66ca79,Allie Shi,2026-05-02,23:28:40,-07:00,2026-05-02T23:28:40-07:00,1,16
style.css,256,css,2d66ca79,Allie Shi,2026-05-02,23:28:40,-07:00,2026-05-02T23:28:40-07:00,1,21
style.css,257,css,2d66ca79,Allie Shi,2026-05-02,23:28:40,-07:00,2026-05-02T23:28:40-07:00,1,19
style.css,258,css,2d66ca79,Allie Shi,2026-05-02,23:28:40,-07:00,2026-05-02T23:28:40-07:00,1,15
style.css,259,css,2d66ca79,Allie Shi,2026-05-02,23:28:40,-07:00,2026-05-02T23:28:40-07:00,1,6
style.css,260,css,80aed741,Allie Shi,2026-05-02,20:52:47,-07:00,2026-05-02T20:52:47-07:00,0,0
style.css,261,css,2d66ca79,Allie Shi,2026-05-02,23:28:40,-07:00,2026-05-02T23:28:40-07:00,0,0
style.css,262,css,2d66ca79,Allie Shi,2026-05-02,23:28:40,-07:00,2026-05-02T23:28:40-07:00,0,0
style.css,263,css,80aed741,Allie Shi,2026-05-02,20:52:47,-07:00,2026-05-02T20:52:47-07:00,0,10
style.css,264,css,80aed741,Allie Shi,2026-05-02,20:52:47,-07:00,2026-05-02T20:52:47-07:00,1,12
style.css,265,css,80aed741,Allie Shi,2026-05-02,20:52:47,-07:00,2026-05-02T20:52:47-07:00,1,18
style.css,266,css,2d66ca79,Allie Shi,2026-05-02,23:28:40,-07:00,2026-05-02T23:28:40-07:00,1,9
style.css,267,css,2d66ca79,Allie Shi,2026-05-02,23:28:40,-07:00,2026-05-02T23:28:40-07:00,1,18
style.css,268,css,2d66ca79,Allie Shi,2026-05-02,23:28:40,-07:00,2026-05-02T23:28:40-07:00,1,11
style.css,269,css,80aed741,Allie Shi,2026-05-02,20:52:47,-07:00,2026-05-02T20:52:47-07:00,0,0
style.css,270,css,80aed741,Allie Shi,2026-05-02,20:52:47,-07:00,2026-05-02T20:52:47-07:00,0,0
style.css,271,css,2d66ca79,Allie Shi,2026-05-02,23:28:40,-07:00,2026-05-02T23:28:40-07:00,0,7
style.css,272,css,80aed741,Allie Shi,2026-05-02,20:52:47,-07:00,2026-05-02T20:52:47-07:00,1,9
style.css,273,css,2d66ca79,Allie Shi,2026-05-02,23:28:40,-07:00,2026-05-02T23:28:40-07:00,1,18
style.css,274,css,80aed741,Allie Shi,2026-05-02,20:52:47,-07:00,2026-05-02T20:52:47-07:00,1,29
style.css,275,css,2d66ca79,Allie Shi,2026-05-02,23:28:40,-07:00,2026-05-02T23:28:40-07:00,1,20
style.css,276,css,2d66ca79,Allie Shi,2026-05-02,23:28:40,-07:00,2026-05-02T23:28:40-07:00,1,17
style.css,277,css,80aed741,Allie Shi,2026-05-02,20:52:47,-07:00,2026-05-02T20:52:47-07:00,0,0
style.css,278,css,2d66ca79,Allie Shi,2026-05-02,23:28:40,-07:00,2026-05-02T23:28:40-07:00,0,0
style.css,279,css,33a0768d,Allie Shi,2026-05-02,20:58:44,-07:00,2026-05-02T20:58:44-07:00,0,10
style.css,280,css,33a0768d,Allie Shi,2026-05-02,20:58:44,-07:00,2026-05-02T20:58:44-07:00,1,12
style.css,281,css,2d66ca79,Allie Shi,2026-05-02,23:28:40,-07:00,2026-05-02T23:28:40-07:00,1,18
style.css,282,css,2d66ca79,Allie Shi,2026-05-02,23:28:40,-07:00,2026-05-02T23:28:40-07:00,1,7
style.css,283,css,ebcadc84,Allie Shi,2026-05-02,21:58:22,-07:00,2026-05-02T21:58:22-07:00,0,0
style.css,284,css,2d66ca79,Allie Shi,2026-05-02,23:28:40,-07:00,2026-05-02T23:28:40-07:00,0,0
style.css,285,css,ebcadc84,Allie Shi,2026-05-02,21:58:22,-07:00,2026-05-02T21:58:22-07:00,0,10
style.css,286,css,2d66ca79,Allie Shi,2026-05-02,23:28:40,-07:00,2026-05-02T23:28:40-07:00,1,13
style.css,287,css,ebcadc84,Allie Shi,2026-05-02,21:58:22,-07:00,2026-05-02T21:58:22-07:00,1,10
style.css,288,css,2d66ca79,Allie Shi,2026-05-02,23:28:40,-07:00,2026-05-02T23:28:40-07:00,1,12
style.css,289,css,2d66ca79,Allie Shi,2026-05-02,23:28:40,-07:00,2026-05-02T23:28:40-07:00,1,13
style.css,290,css,ebcadc84,Allie Shi,2026-05-02,21:58:22,-07:00,2026-05-02T21:58:22-07:00,0,0
style.css,291,css,a0123179,Allie Shi,2026-05-07,00:12:24,-07:00,2026-05-07T00:12:24-07:00,0,0
style.css,292,css,d64deda9,Allie Shi,2026-05-06,23:54:32,-07:00,2026-05-06T23:54:32-07:00,0,51
style.css,293,css,c074a0b2,Allie Shi,2026-05-06,23:39:03,-07:00,2026-05-06T23:39:03-07:00,1,11
style.css,294,css,a0123179,Allie Shi,2026-05-07,00:12:24,-07:00,2026-05-07T00:12:24-07:00,0,2
style.css,295,css,2d66ca79,Allie Shi,2026-05-02,23:28:40,-07:00,2026-05-02T23:28:40-07:00,0,0
style.css,296,css,d64deda9,Allie Shi,2026-05-06,23:54:32,-07:00,2026-05-06T23:54:32-07:00,0,0
style.css,297,css,748e7133,Allie Shi,2026-05-02,23:14:54,-07:00,2026-05-02T23:14:54-07:00,0,0
style.css,298,css,2d66ca79,Allie Shi,2026-05-02,23:28:40,-07:00,2026-05-02T23:28:40-07:00,0,9
style.css,299,css,2d66ca79,Allie Shi,2026-05-02,23:28:40,-07:00,2026-05-02T23:28:40-07:00,1,35
style.css,300,css,8c2a9c2b,Allie Shi,2026-05-02,22:15:16,-07:00,2026-05-02T22:15:16-07:00,0,0
style.css,301,css,7922afdf,Allie Shi,2026-05-02,22:50:57,-07:00,2026-05-02T22:50:57-07:00,0,0
style.css,302,css,d64deda9,Allie Shi,2026-05-06,23:54:32,-07:00,2026-05-06T23:54:32-07:00,0,32
style.css,303,css,cc467f38,Allie Shi,2026-05-06,23:45:38,-07:00,2026-05-06T23:45:38-07:00,1,28
style.css,304,css,cc467f38,Allie Shi,2026-05-06,23:45:38,-07:00,2026-05-06T23:45:38-07:00,0,0
style.css,305,css,a0123179,Allie Shi,2026-05-07,00:12:24,-07:00,2026-05-07T00:12:24-07:00,0,13
style.css,306,css,cc467f38,Allie Shi,2026-05-06,23:45:38,-07:00,2026-05-06T23:45:38-07:00,1,35
style.css,307,css,a0123179,Allie Shi,2026-05-07,00:12:24,-07:00,2026-05-07T00:12:24-07:00,0,2
style.css,308,css,d64deda9,Allie Shi,2026-05-06,23:54:32,-07:00,2026-05-06T23:54:32-07:00,0,38
style.css,309,css,d64deda9,Allie Shi,2026-05-06,23:54:32,-07:00,2026-05-06T23:54:32-07:00,1,28
style.css,310,css,d64deda9,Allie Shi,2026-05-06,23:54:32,-07:00,2026-05-06T23:54:32-07:00,0,0
index.js,1,js,7a1a0e17,Allie Shi,2026-04-24,13:27:35,-07:00,2026-04-24T13:27:35-07:00,0,71
index.js,2,js,ffbd30f3,Allie Shi,2026-04-24,10:52:19,-07:00,2026-04-24T10:52:19-07:00,0,54
index.js,3,js,ffbd30f3,Allie Shi,2026-04-24,10:52:19,-07:00,2026-04-24T10:52:19-07:00,0,42
index.js,4,js,ffbd30f3,Allie Shi,2026-04-24,10:52:19,-07:00,2026-04-24T10:52:19-07:00,0,60
index.js,5,js,ffbd30f3,Allie Shi,2026-04-24,10:52:19,-07:00,2026-04-24T10:52:19-07:00,0,54
index.js,6,js,1f8f9d77,Allie Shi,2026-04-24,13:19:53,-07:00,2026-04-24T13:19:53-07:00,0,52
index.js,7,js,79cf5ed8,Allie Shi,2026-04-24,13:22:58,-07:00,2026-04-24T13:22:58-07:00,0,60
index.js,8,js,1f8f9d77,Allie Shi,2026-04-24,13:19:53,-07:00,2026-04-24T13:19:53-07:00,0,17
index.js,9,js,1f8f9d77,Allie Shi,2026-04-24,13:19:53,-07:00,2026-04-24T13:19:53-07:00,2,24
index.js,10,js,33bab035,Allie Shi,2026-04-24,11:47:07,-07:00,2026-04-24T11:47:07-07:00,4,2
index.js,11,js,33bab035,Allie Shi,2026-04-24,11:47:07,-07:00,2026-04-24T11:47:07-07:00,5,55
index.js,12,js,33bab035,Allie Shi,2026-04-24,11:47:07,-07:00,2026-04-24T11:47:07-07:00,5,55
index.js,13,js,33bab035,Allie Shi,2026-04-24,11:47:07,-07:00,2026-04-24T11:47:07-07:00,5,49
index.js,14,js,33bab035,Allie Shi,2026-04-24,11:47:07,-07:00,2026-04-24T11:47:07-07:00,5,49
index.js,15,js,33bab035,Allie Shi,2026-04-24,11:47:07,-07:00,2026-04-24T11:47:07-07:00,4,3
index.js,16,js,33bab035,Allie Shi,2026-04-24,11:47:07,-07:00,2026-04-24T11:47:07-07:00,2,0
index.js,17,js,1f8f9d77,Allie Shi,2026-04-24,13:19:53,-07:00,2026-04-24T13:19:53-07:00,0,0
index.js,18,js,33bab035,Allie Shi,2026-04-24,11:47:07,-07:00,2026-04-24T11:47:07-07:00,0,0
index.js,19,js,33bab035,Allie Shi,2026-04-24,11:47:07,-07:00,2026-04-24T11:47:07-07:00,0,0
index.html,1,html,21bd6b78,Allie Shi,2026-04-02,10:17:52,-07:00,2026-04-02T10:17:52-07:00,0,13
index.html,2,html,338e0c5e,Allie Shi,2026-04-09,16:54:18,-07:00,2026-04-09T16:54:18-07:00,0,28
index.html,3,html,41dc028d,Allie Shi,2026-04-03,00:46:50,-07:00,2026-04-03T00:46:50-07:00,0,0
index.html,4,html,2e1c8c51,Allie Shi,2026-04-03,00:02:27,-07:00,2026-04-03T00:02:27-07:00,0,4
index.html,5,html,2e1c8c51,Allie Shi,2026-04-03,00:02:27,-07:00,2026-04-03T00:02:27-07:00,2,20
index.html,6,html,2e1c8c51,Allie Shi,2026-04-03,00:02:27,-07:00,2026-04-03T00:02:27-07:00,2,68
index.html,7,html,2e1c8c51,Allie Shi,2026-04-03,00:02:27,-07:00,2026-04-03T00:02:27-07:00,2,51
index.html,8,html,39e851fa,Allie Shi,2026-04-03,16:36:17,-07:00,2026-04-03T16:36:17-07:00,2,38
index.html,9,html,d3b76f07,Allie Shi,2026-04-17,18:41:03,-07:00,2026-04-17T18:41:03-07:00,2,0
index.html,10,html,2e1c8c51,Allie Shi,2026-04-03,00:02:27,-07:00,2026-04-03T00:02:27-07:00,0,5
index.html,11,html,2e1c8c51,Allie Shi,2026-04-03,00:02:27,-07:00,2026-04-03T00:02:27-07:00,0,4
index.html,12,html,2e1c8c51,Allie Shi,2026-04-03,00:02:27,-07:00,2026-04-03T00:02:27-07:00,0,0
index.html,13,html,21bd6b78,Allie Shi,2026-04-02,10:17:52,-07:00,2026-04-02T10:17:52-07:00,2,16
index.html,14,html,338e0c5e,Allie Shi,2026-04-09,16:54:18,-07:00,2026-04-09T16:54:18-07:00,2,56
index.html,15,html,c950cc05,Allie Shi,2026-04-03,00:48:07,-07:00,2026-04-03T00:48:07-07:00,2,62
index.html,16,html,0f4cb0bb,Allie Shi,2026-04-24,11:36:17,-07:00,2026-04-24T11:36:17-07:00,2,22
index.html,17,html,0f4cb0bb,Allie Shi,2026-04-24,11:36:17,-07:00,2026-04-24T11:36:17-07:00,2,26
index.html,18,html,9e4ff67e,Allie Shi,2026-04-24,13:25:46,-07:00,2026-04-24T13:25:46-07:00,2,22
index.html,19,html,9e4ff67e,Allie Shi,2026-04-24,13:25:46,-07:00,2026-04-24T13:25:46-07:00,2,28
index.html,20,html,d3b76f07,Allie Shi,2026-04-17,18:41:03,-07:00,2026-04-17T18:41:03-07:00,2,45
index.html,21,html,cbb355d8,Allie Shi,2026-04-24,13:10:10,-07:00,2026-04-24T13:10:10-07:00,2,44
index.html,22,html,8ffacceb,Allie Shi,2026-04-17,13:38:49,-07:00,2026-04-17T13:38:49-07:00,2,0
index.html,23,html,21bd6b78,Allie Shi,2026-04-02,10:17:52,-07:00,2026-04-02T10:17:52-07:00,0,5
index.html,24,html,21bd6b78,Allie Shi,2026-04-02,10:17:52,-07:00,2026-04-02T10:17:52-07:00,0,5
global.js,1,js,4db904b8,Allie Shi,2026-04-17,04:47:00,-07:00,2026-04-17T04:47:00-07:00,0,25
global.js,2,js,4db904b8,Allie Shi,2026-04-17,04:47:00,-07:00,2026-04-17T04:47:00-07:00,0,0
global.js,3,js,4db904b8,Allie Shi,2026-04-17,04:47:00,-07:00,2026-04-17T04:47:00-07:00,0,41
global.js,4,js,4db904b8,Allie Shi,2026-04-17,04:47:00,-07:00,2026-04-17T04:47:00-07:00,1,52
global.js,5,js,b7ef1dd5,Allie Shi,2026-04-17,04:55:15,-07:00,2026-04-17T04:55:15-07:00,0,0
global.js,6,js,3e067f53,Allie Shi,2026-04-17,13:14:08,-07:00,2026-04-17T13:14:08-07:00,0,15
global.js,7,js,3e067f53,Allie Shi,2026-04-17,13:14:08,-07:00,2026-04-17T13:14:08-07:00,1,70
global.js,8,js,3e067f53,Allie Shi,2026-04-17,13:14:08,-07:00,2026-04-17T13:14:08-07:00,2,3
global.js,9,js,3e067f53,Allie Shi,2026-04-17,13:14:08,-07:00,2026-04-17T13:14:08-07:00,2,14
global.js,10,js,c52ac37c,Allie Shi,2026-04-17,12:37:06,-07:00,2026-04-17T12:37:06-07:00,0,0
global.js,11,js,3f8f19c4,Allie Shi,2026-04-17,10:22:09,-07:00,2026-04-17T10:22:09-07:00,0,11
global.js,12,js,915f07c1,Allie Shi,2026-04-17,13:41:57,-07:00,2026-04-17T13:41:57-07:00,2,25
global.js,13,js,becf2f0e,Allie Shi,2026-04-17,13:34:39,-07:00,2026-04-17T13:34:39-07:00,2,46
global.js,14,js,becf2f0e,Allie Shi,2026-04-17,13:34:39,-07:00,2026-04-17T13:34:39-07:00,2,48
global.js,15,js,becf2f0e,Allie Shi,2026-04-17,13:34:39,-07:00,2026-04-17T13:34:39-07:00,2,44
global.js,16,js,217aba97,Allie Shi,2026-05-07,13:49:50,-07:00,2026-05-07T13:49:50-07:00,2,37
global.js,17,js,d489b609,Allie Shi,2026-04-24,10:22:18,-07:00,2026-04-24T10:22:18-07:00,2,54
global.js,18,js,3f8f19c4,Allie Shi,2026-04-17,10:22:09,-07:00,2026-04-17T10:22:09-07:00,0,0
global.js,19,js,3f8f19c4,Allie Shi,2026-04-17,10:22:09,-07:00,2026-04-17T10:22:09-07:00,0,38
global.js,20,js,3f8f19c4,Allie Shi,2026-04-17,10:22:09,-07:00,2026-04-17T10:22:09-07:00,0,25
global.js,21,js,1741e0f5,Allie Shi,2026-04-17,13:20:45,-07:00,2026-04-17T13:20:45-07:00,0,0
global.js,22,js,3f8f19c4,Allie Shi,2026-04-17,10:22:09,-07:00,2026-04-17T10:22:09-07:00,0,20
global.js,23,js,14545a08,Allie Shi,2026-04-17,11:00:03,-07:00,2026-04-17T11:00:03-07:00,2,14
global.js,24,js,acb1cdea,Allie Shi,2026-04-17,10:38:54,-07:00,2026-04-17T10:38:54-07:00,2,52
global.js,25,js,f4eced93,Allie Shi,2026-04-17,10:25:42,-07:00,2026-04-17T10:25:42-07:00,2,18
global.js,26,js,385aca51,Allie Shi,2026-04-17,12:42:30,-07:00,2026-04-17T12:42:30-07:00,2,0
global.js,27,js,b0b2d331,Allie Shi,2026-04-17,10:28:32,-07:00,2026-04-17T10:28:32-07:00,2,34
global.js,28,js,b0b2d331,Allie Shi,2026-04-17,10:28:32,-07:00,2026-04-17T10:28:32-07:00,2,11
global.js,29,js,b0b2d331,Allie Shi,2026-04-17,10:28:32,-07:00,2026-04-17T10:28:32-07:00,2,20
global.js,30,js,2c354d45,Allie Shi,2026-04-17,13:55:22,-07:00,2026-04-17T13:55:22-07:00,2,30
global.js,31,js,17ba12bb,Allie Shi,2026-04-17,13:48:30,-07:00,2026-04-17T13:48:30-07:00,4,18
global.js,32,js,17ba12bb,Allie Shi,2026-04-17,13:48:30,-07:00,2026-04-17T13:48:30-07:00,2,0
global.js,33,js,84ae30a6,Allie Shi,2026-04-17,13:09:21,-07:00,2026-04-17T13:09:21-07:00,2,0
global.js,34,js,8a6388fc,Allie Shi,2026-04-17,13:36:20,-07:00,2026-04-17T13:36:20-07:00,2,62
global.js,35,js,3e067f53,Allie Shi,2026-04-17,13:14:08,-07:00,2026-04-17T13:14:08-07:00,2,1
global.js,36,js,fa2c5a6e,Allie Shi,2026-04-17,12:45:17,-07:00,2026-04-17T12:45:17-07:00,4,25
global.js,37,js,fa2c5a6e,Allie Shi,2026-04-17,12:45:17,-07:00,2026-04-17T12:45:17-07:00,2,0
global.js,38,js,e36835f9,Allie Shi,2026-04-17,13:44:47,-07:00,2026-04-17T13:44:47-07:00,2,17
global.js,39,js,e36835f9,Allie Shi,2026-04-17,13:44:47,-07:00,2026-04-17T13:44:47-07:00,4,8
global.js,40,js,e36835f9,Allie Shi,2026-04-17,13:44:47,-07:00,2026-04-17T13:44:47-07:00,4,59
global.js,41,js,e36835f9,Allie Shi,2026-04-17,13:44:47,-07:00,2026-04-17T13:44:47-07:00,2,0
global.js,42,js,3e067f53,Allie Shi,2026-04-17,13:14:08,-07:00,2026-04-17T13:14:08-07:00,0,0
global.js,43,js,84ae30a6,Allie Shi,2026-04-17,13:09:21,-07:00,2026-04-17T13:09:21-07:00,2,12
global.js,44,js,cf45e148,Allie Shi,2026-04-17,12:52:57,-07:00,2026-04-17T12:52:57-07:00,2,0
global.js,45,js,0b0c42ef,Allie Shi,2026-04-17,18:51:03,-07:00,2026-04-17T18:51:03-07:00,0,0
global.js,46,js,0b0c42ef,Allie Shi,2026-04-17,18:51:03,-07:00,2026-04-17T18:51:03-07:00,0,0
global.js,47,js,3ce4f6ed,Allie Shi,2026-04-17,15:16:45,-07:00,2026-04-17T15:16:45-07:00,0,31
global.js,48,js,0b0c42ef,Allie Shi,2026-04-17,18:51:03,-07:00,2026-04-17T18:51:03-07:00,2,11
global.js,49,js,0b0c42ef,Allie Shi,2026-04-17,18:51:03,-07:00,2026-04-17T18:51:03-07:00,2,0
global.js,50,js,0b0c42ef,Allie Shi,2026-04-17,18:51:03,-07:00,2026-04-17T18:51:03-07:00,4,26
global.js,51,js,0b0c42ef,Allie Shi,2026-04-17,18:51:03,-07:00,2026-04-17T18:51:03-07:00,6,4
global.js,52,js,0b0c42ef,Allie Shi,2026-04-17,18:51:03,-07:00,2026-04-17T18:51:03-07:00,6,6
global.js,53,js,0b0c42ef,Allie Shi,2026-04-17,18:51:03,-07:00,2026-04-17T18:51:03-07:00,8,43
global.js,54,js,0b0c42ef,Allie Shi,2026-04-17,18:51:03,-07:00,2026-04-17T18:51:03-07:00,8,34
global.js,55,js,0b0c42ef,Allie Shi,2026-04-17,18:51:03,-07:00,2026-04-17T18:51:03-07:00,8,32
global.js,56,js,0b0c42ef,Allie Shi,2026-04-17,18:51:03,-07:00,2026-04-17T18:51:03-07:00,6,7
global.js,57,js,0b0c42ef,Allie Shi,2026-04-17,18:51:03,-07:00,2026-04-17T18:51:03-07:00,4,8
global.js,58,js,3ce4f6ed,Allie Shi,2026-04-17,15:16:45,-07:00,2026-04-17T15:16:45-07:00,0,0
global.js,59,js,334f0e32,Allie Shi,2026-04-17,18:17:11,-07:00,2026-04-17T18:17:11-07:00,0,0
global.js,60,js,0259b21c,Allie Shi,2026-04-17,19:17:13,-07:00,2026-04-17T19:17:13-07:00,0,0
global.js,61,js,0259b21c,Allie Shi,2026-04-17,19:17:13,-07:00,2026-04-17T19:17:13-07:00,0,0
global.js,62,js,334f0e32,Allie Shi,2026-04-17,18:17:11,-07:00,2026-04-17T18:17:11-07:00,0,0
global.js,63,js,0259b21c,Allie Shi,2026-04-17,19:17:13,-07:00,2026-04-17T19:17:13-07:00,0,0
global.js,64,js,0b0c42ef,Allie Shi,2026-04-17,18:51:03,-07:00,2026-04-17T18:51:03-07:00,0,0
global.js,65,js,eebc1029,Allie Shi,2026-04-17,19:18:35,-07:00,2026-04-17T19:18:35-07:00,0,60
global.js,66,js,b0703eee,Allie Shi,2026-04-17,19:39:35,-07:00,2026-04-17T19:39:35-07:00,0,33
global.js,67,js,a0123179,Allie Shi,2026-05-07,00:12:24,-07:00,2026-05-07T00:12:24-07:00,2,68
global.js,68,js,a0123179,Allie Shi,2026-05-07,00:12:24,-07:00,2026-05-07T00:12:24-07:00,0,0
global.js,69,js,b0703eee,Allie Shi,2026-04-17,19:39:35,-07:00,2026-04-17T19:39:35-07:00,2,38
global.js,70,js,b0703eee,Allie Shi,2026-04-17,19:39:35,-07:00,2026-04-17T19:39:35-07:00,0,0
global.js,71,js,eebc1029,Allie Shi,2026-04-17,19:18:35,-07:00,2026-04-17T19:18:35-07:00,0,49
global.js,72,js,eebc1029,Allie Shi,2026-04-17,19:18:35,-07:00,2026-04-17T19:18:35-07:00,2,57
global.js,73,js,a0123179,Allie Shi,2026-05-07,00:12:24,-07:00,2026-05-07T00:12:24-07:00,2,62
global.js,74,js,b0703eee,Allie Shi,2026-04-17,19:39:35,-07:00,2026-04-17T19:39:35-07:00,2,44
global.js,75,js,eebc1029,Allie Shi,2026-04-17,19:18:35,-07:00,2026-04-17T19:18:35-07:00,0,1
global.js,76,js,0259b21c,Allie Shi,2026-04-17,19:17:13,-07:00,2026-04-17T19:17:13-07:00,0,0
global.js,77,js,a06e4d32,Allie Shi,2026-04-23,22:50:45,-07:00,2026-04-23T22:50:45-07:00,0,36
global.js,78,js,a06e4d32,Allie Shi,2026-04-23,22:50:45,-07:00,2026-04-23T22:50:45-07:00,1,3
global.js,79,js,a06e4d32,Allie Shi,2026-04-23,22:50:45,-07:00,2026-04-23T22:50:45-07:00,2,39
global.js,80,js,a06e4d32,Allie Shi,2026-04-23,22:50:45,-07:00,2026-04-23T22:50:45-07:00,2,32
global.js,81,js,a06e4d32,Allie Shi,2026-04-23,22:50:45,-07:00,2026-04-23T22:50:45-07:00,2,17
global.js,82,js,a06e4d32,Allie Shi,2026-04-23,22:50:45,-07:00,2026-04-23T22:50:45-07:00,4,66
global.js,83,js,a06e4d32,Allie Shi,2026-04-23,22:50:45,-07:00,2026-04-23T22:50:45-07:00,2,0
global.js,84,js,56099e3f,Allie Shi,2026-04-24,10:03:59,-07:00,2026-04-24T10:03:59-07:00,2,33
global.js,85,js,56099e3f,Allie Shi,2026-04-24,10:03:59,-07:00,2026-04-24T10:03:59-07:00,2,10
global.js,86,js,a06e4d32,Allie Shi,2026-04-23,22:50:45,-07:00,2026-04-23T22:50:45-07:00,1,15
global.js,87,js,a06e4d32,Allie Shi,2026-04-23,22:50:45,-07:00,2026-04-23T22:50:45-07:00,2,59
global.js,88,js,a06e4d32,Allie Shi,2026-04-23,22:50:45,-07:00,2026-04-23T22:50:45-07:00,1,0
global.js,89,js,a06e4d32,Allie Shi,2026-04-23,22:50:45,-07:00,2026-04-23T22:50:45-07:00,0,0
global.js,90,js,da6b9267,Allie Shi,2026-04-24,10:35:10,-07:00,2026-04-24T10:35:10-07:00,0,79
global.js,91,js,da6b9267,Allie Shi,2026-04-24,10:35:10,-07:00,2026-04-24T10:35:10-07:00,2,21
global.js,92,js,da6b9267,Allie Shi,2026-04-24,10:35:10,-07:00,2026-04-24T10:35:10-07:00,4,43
global.js,93,js,da6b9267,Allie Shi,2026-04-24,10:35:10,-07:00,2026-04-24T10:35:10-07:00,4,5
global.js,94,js,da6b9267,Allie Shi,2026-04-24,10:35:10,-07:00,2026-04-24T10:35:10-07:00,2,0
global.js,95,js,da6b9267,Allie Shi,2026-04-24,10:35:10,-07:00,2026-04-24T10:35:10-07:00,2,30
global.js,96,js,da6b9267,Allie Shi,2026-04-24,10:35:10,-07:00,2026-04-24T10:35:10-07:00,2,38
global.js,97,js,da6b9267,Allie Shi,2026-04-24,10:35:10,-07:00,2026-04-24T10:35:10-07:00,4,63
global.js,98,js,da6b9267,Allie Shi,2026-04-24,10:35:10,-07:00,2026-04-24T10:35:10-07:00,4,5
global.js,99,js,da6b9267,Allie Shi,2026-04-24,10:35:10,-07:00,2026-04-24T10:35:10-07:00,2,0
global.js,100,js,da6b9267,Allie Shi,2026-04-24,10:35:10,-07:00,2026-04-24T10:35:10-07:00,2,52
global.js,101,js,da6b9267,Allie Shi,2026-04-24,10:35:10,-07:00,2026-04-24T10:35:10-07:00,2,41
global.js,102,js,da6b9267,Allie Shi,2026-04-24,10:35:10,-07:00,2026-04-24T10:35:10-07:00,4,54
global.js,103,js,da6b9267,Allie Shi,2026-04-24,10:35:10,-07:00,2026-04-24T10:35:10-07:00,4,18
global.js,104,js,da6b9267,Allie Shi,2026-04-24,10:35:10,-07:00,2026-04-24T10:35:10-07:00,2,0
global.js,105,js,da6b9267,Allie Shi,2026-04-24,10:35:10,-07:00,2026-04-24T10:35:10-07:00,2,27
global.js,106,js,da6b9267,Allie Shi,2026-04-24,10:35:10,-07:00,2026-04-24T10:35:10-07:00,4,48
global.js,107,js,da6b9267,Allie Shi,2026-04-24,10:35:10,-07:00,2026-04-24T10:35:10-07:00,4,19
global.js,108,js,41257c56,Allie Shi,2026-04-24,16:24:35,-07:00,2026-04-24T16:24:35-07:00,6,81
global.js,109,js,da6b9267,Allie Shi,2026-04-24,10:35:10,-07:00,2026-04-24T10:35:10-07:00,6,114
global.js,110,js,eae10a20,Allie Shi,2026-05-01,11:38:33,-07:00,2026-05-01T11:38:33-07:00,6,0
global.js,111,js,460a834c,Allie Shi,2026-05-01,11:35:46,-07:00,2026-05-01T11:35:46-07:00,6,24
global.js,112,js,460a834c,Allie Shi,2026-05-01,11:35:46,-07:00,2026-05-01T11:35:46-07:00,8,73
global.js,113,js,460a834c,Allie Shi,2026-05-01,11:35:46,-07:00,2026-05-01T11:35:46-07:00,8,67
global.js,114,js,460a834c,Allie Shi,2026-05-01,11:35:46,-07:00,2026-05-01T11:35:46-07:00,6,4
global.js,115,js,da6b9267,Allie Shi,2026-04-24,10:35:10,-07:00,2026-04-24T10:35:10-07:00,4,0
global.js,116,js,da6b9267,Allie Shi,2026-04-24,10:35:10,-07:00,2026-04-24T10:35:10-07:00,4,36
global.js,117,js,da6b9267,Allie Shi,2026-04-24,10:35:10,-07:00,2026-04-24T10:35:10-07:00,2,0
global.js,118,js,da6b9267,Allie Shi,2026-04-24,10:35:10,-07:00,2026-04-24T10:35:10-07:00,1,0
global.js,119,js,da6b9267,Allie Shi,2026-04-24,10:35:10,-07:00,2026-04-24T10:35:10-07:00,0,0
global.js,120,js,33bab035,Allie Shi,2026-04-24,11:47:07,-07:00,2026-04-24T11:47:07-07:00,0,47
global.js,121,js,33bab035,Allie Shi,2026-04-24,11:47:07,-07:00,2026-04-24T11:47:07-07:00,1,59
global.js,122,js,33bab035,Allie Shi,2026-04-24,11:47:07,-07:00,2026-04-24T11:47:07-07:00,0,0
global.js,123,js,0259b21c,Allie Shi,2026-04-17,19:17:13,-07:00,2026-04-17T19:17:13-07:00,0,0
global.js,124,js,0b0c42ef,Allie Shi,2026-04-17,18:51:03,-07:00,2026-04-17T18:51:03-07:00,0,0
global.js,125,js,0b0c42ef,Allie Shi,2026-04-17,18:51:03,-07:00,2026-04-17T18:51:03-07:00,0,0
global.js,126,js,334f0e32,Allie Shi,2026-04-17,18:17:11,-07:00,2026-04-17T18:17:11-07:00,0,0
projects/projects.js,1,js,755e8a77,Allie Shi,2026-05-02,21:49:40,-07:00,2026-05-02T21:49:40-07:00,0,63
projects/projects.js,2,js,56099e3f,Allie Shi,2026-04-24,10:03:59,-07:00,2026-04-24T10:03:59-07:00,0,55
projects/projects.js,3,js,ebcadc84,Allie Shi,2026-05-02,21:58:22,-07:00,2026-05-02T21:58:22-07:00,0,0
projects/projects.js,4,js,a42a8607,Allie Shi,2026-04-24,10:43:10,-07:00,2026-04-24T10:43:10-07:00,0,55
projects/projects.js,5,js,ebcadc84,Allie Shi,2026-05-02,21:58:22,-07:00,2026-05-02T21:58:22-07:00,0,0
projects/projects.js,6,js,ebcadc84,Allie Shi,2026-05-02,21:58:22,-07:00,2026-05-02T21:58:22-07:00,0,60
projects/projects.js,7,js,ebcadc84,Allie Shi,2026-05-02,21:58:22,-07:00,2026-05-02T21:58:22-07:00,0,55
projects/projects.js,8,js,ebcadc84,Allie Shi,2026-05-02,21:58:22,-07:00,2026-05-02T21:58:22-07:00,0,0
projects/projects.js,9,js,755e8a77,Allie Shi,2026-05-02,21:49:40,-07:00,2026-05-02T21:49:40-07:00,0,13
projects/projects.js,10,js,2d66ca79,Allie Shi,2026-05-02,23:28:40,-07:00,2026-05-02T23:28:40-07:00,0,21
projects/projects.js,11,js,2d66ca79,Allie Shi,2026-05-02,23:28:40,-07:00,2026-05-02T23:28:40-07:00,0,0
projects/projects.js,12,js,2d66ca79,Allie Shi,2026-05-02,23:28:40,-07:00,2026-05-02T23:28:40-07:00,0,25
projects/projects.js,13,js,2d66ca79,Allie Shi,2026-05-02,23:28:40,-07:00,2026-05-02T23:28:40-07:00,2,31
projects/projects.js,14,js,2d66ca79,Allie Shi,2026-05-02,23:28:40,-07:00,2026-05-02T23:28:40-07:00,4,20
projects/projects.js,15,js,2d66ca79,Allie Shi,2026-05-02,23:28:40,-07:00,2026-05-02T23:28:40-07:00,4,8
projects/projects.js,16,js,2d66ca79,Allie Shi,2026-05-02,23:28:40,-07:00,2026-05-02T23:28:40-07:00,4,12
projects/projects.js,17,js,2d66ca79,Allie Shi,2026-05-02,23:28:40,-07:00,2026-05-02T23:28:40-07:00,4,14
projects/projects.js,18,js,2d66ca79,Allie Shi,2026-05-02,23:28:40,-07:00,2026-05-02T23:28:40-07:00,2,0
projects/projects.js,19,js,2d66ca79,Allie Shi,2026-05-02,23:28:40,-07:00,2026-05-02T23:28:40-07:00,0,0
projects/projects.js,20,js,8c2a9c2b,Allie Shi,2026-05-02,22:15:16,-07:00,2026-05-02T22:15:16-07:00,0,0
projects/projects.js,21,js,ebcadc84,Allie Shi,2026-05-02,21:58:22,-07:00,2026-05-02T21:58:22-07:00,0,38
projects/projects.js,22,js,2d66ca79,Allie Shi,2026-05-02,23:28:40,-07:00,2026-05-02T23:28:40-07:00,2,42
projects/projects.js,23,js,2d66ca79,Allie Shi,2026-05-02,23:28:40,-07:00,2026-05-02T23:28:40-07:00,2,34
projects/projects.js,24,js,2d66ca79,Allie Shi,2026-05-02,23:28:40,-07:00,2026-05-02T23:28:40-07:00,0,0
projects/projects.js,25,js,2d66ca79,Allie Shi,2026-05-02,23:28:40,-07:00,2026-05-02T23:28:40-07:00,2,29
projects/projects.js,26,js,2d66ca79,Allie Shi,2026-05-02,23:28:40,-07:00,2026-05-02T23:28:40-07:00,2,30
projects/projects.js,27,js,2d66ca79,Allie Shi,2026-05-02,23:28:40,-07:00,2026-05-02T23:28:40-07:00,0,0
projects/projects.js,28,js,2d66ca79,Allie Shi,2026-05-02,23:28:40,-07:00,2026-05-02T23:28:40-07:00,2,24
projects/projects.js,29,js,2d66ca79,Allie Shi,2026-05-02,23:28:40,-07:00,2026-05-02T23:28:40-07:00,4,12
projects/projects.js,30,js,2d66ca79,Allie Shi,2026-05-02,23:28:40,-07:00,2026-05-02T23:28:40-07:00,4,12
projects/projects.js,31,js,2d66ca79,Allie Shi,2026-05-02,23:28:40,-07:00,2026-05-02T23:28:40-07:00,4,9
projects/projects.js,32,js,2d66ca79,Allie Shi,2026-05-02,23:28:40,-07:00,2026-05-02T23:28:40-07:00,2,0
projects/projects.js,33,js,2d66ca79,Allie Shi,2026-05-02,23:28:40,-07:00,2026-05-02T23:28:40-07:00,0,0
projects/projects.js,34,js,2d66ca79,Allie Shi,2026-05-02,23:28:40,-07:00,2026-05-02T23:28:40-07:00,2,43
projects/projects.js,35,js,2d66ca79,Allie Shi,2026-05-02,23:28:40,-07:00,2026-05-02T23:28:40-07:00,4,10
projects/projects.js,36,js,2d66ca79,Allie Shi,2026-05-02,23:28:40,-07:00,2026-05-02T23:28:40-07:00,4,10
projects/projects.js,37,js,2d66ca79,Allie Shi,2026-05-02,23:28:40,-07:00,2026-05-02T23:28:40-07:00,2,2
projects/projects.js,38,js,2d66ca79,Allie Shi,2026-05-02,23:28:40,-07:00,2026-05-02T23:28:40-07:00,0,0
projects/projects.js,39,js,2d66ca79,Allie Shi,2026-05-02,23:28:40,-07:00,2026-05-02T23:28:40-07:00,2,49
projects/projects.js,40,js,2d66ca79,Allie Shi,2026-05-02,23:28:40,-07:00,2026-05-02T23:28:40-07:00,0,0
projects/projects.js,41,js,2d66ca79,Allie Shi,2026-05-02,23:28:40,-07:00,2026-05-02T23:28:40-07:00,2,50
projects/projects.js,42,js,2d66ca79,Allie Shi,2026-05-02,23:28:40,-07:00,2026-05-02T23:28:40-07:00,0,0
projects/projects.js,43,js,2d66ca79,Allie Shi,2026-05-02,23:28:40,-07:00,2026-05-02T23:28:40-07:00,2,48
projects/projects.js,44,js,2d66ca79,Allie Shi,2026-05-02,23:28:40,-07:00,2026-05-02T23:28:40-07:00,0,0
projects/projects.js,45,js,2d66ca79,Allie Shi,2026-05-02,23:28:40,-07:00,2026-05-02T23:28:40-07:00,2,19
projects/projects.js,46,js,2d66ca79,Allie Shi,2026-05-02,23:28:40,-07:00,2026-05-02T23:28:40-07:00,2,12
projects/projects.js,47,js,2d66ca79,Allie Shi,2026-05-02,23:28:40,-07:00,2026-05-02T23:28:40-07:00,2,11
projects/projects.js,48,js,2d66ca79,Allie Shi,2026-05-02,23:28:40,-07:00,2026-05-02T23:28:40-07:00,2,13
projects/projects.js,49,js,2d66ca79,Allie Shi,2026-05-02,23:28:40,-07:00,2026-05-02T23:28:40-07:00,2,31
projects/projects.js,50,js,2d66ca79,Allie Shi,2026-05-02,23:28:40,-07:00,2026-05-02T23:28:40-07:00,2,22
projects/projects.js,51,js,2d66ca79,Allie Shi,2026-05-02,23:28:40,-07:00,2026-05-02T23:28:40-07:00,4,37
projects/projects.js,52,js,2d66ca79,Allie Shi,2026-05-02,23:28:40,-07:00,2026-05-02T23:28:40-07:00,2,0
projects/projects.js,53,js,a0123179,Allie Shi,2026-05-07,00:12:24,-07:00,2026-05-07T00:12:24-07:00,2,29
projects/projects.js,54,js,a0123179,Allie Shi,2026-05-07,00:12:24,-07:00,2026-05-07T00:12:24-07:00,2,13
projects/projects.js,55,js,a0123179,Allie Shi,2026-05-07,00:12:24,-07:00,2026-05-07T00:12:24-07:00,4,35
projects/projects.js,56,js,a0123179,Allie Shi,2026-05-07,00:12:24,-07:00,2026-05-07T00:12:24-07:00,2,0
projects/projects.js,57,js,a0123179,Allie Shi,2026-05-07,00:12:24,-07:00,2026-05-07T00:12:24-07:00,0,0
projects/projects.js,58,js,a0123179,Allie Shi,2026-05-07,00:12:24,-07:00,2026-05-07T00:12:24-07:00,2,37
projects/projects.js,59,js,a0123179,Allie Shi,2026-05-07,00:12:24,-07:00,2026-05-07T00:12:24-07:00,4,43
projects/projects.js,60,js,a0123179,Allie Shi,2026-05-07,00:12:24,-07:00,2026-05-07T00:12:24-07:00,0,0
projects/projects.js,61,js,a0123179,Allie Shi,2026-05-07,00:12:24,-07:00,2026-05-07T00:12:24-07:00,4,13
projects/projects.js,62,js,a0123179,Allie Shi,2026-05-07,00:12:24,-07:00,2026-05-07T00:12:24-07:00,4,4
projects/projects.js,63,js,a0123179,Allie Shi,2026-05-07,00:12:24,-07:00,2026-05-07T00:12:24-07:00,6,5
projects/projects.js,64,js,a0123179,Allie Shi,2026-05-07,00:12:24,-07:00,2026-05-07T00:12:24-07:00,6,8
projects/projects.js,65,js,a0123179,Allie Shi,2026-05-07,00:12:24,-07:00,2026-05-07T00:12:24-07:00,6,14
projects/projects.js,66,js,a0123179,Allie Shi,2026-05-07,00:12:24,-07:00,2026-05-07T00:12:24-07:00,6,14
projects/projects.js,67,js,a0123179,Allie Shi,2026-05-07,00:12:24,-07:00,2026-05-07T00:12:24-07:00,4,0
projects/projects.js,68,js,a0123179,Allie Shi,2026-05-07,00:12:24,-07:00,2026-05-07T00:12:24-07:00,2,0
projects/projects.js,69,js,2d66ca79,Allie Shi,2026-05-02,23:28:40,-07:00,2026-05-02T23:28:40-07:00,2,26
projects/projects.js,70,js,2d66ca79,Allie Shi,2026-05-02,23:28:40,-07:00,2026-05-02T23:28:40-07:00,4,16
projects/projects.js,71,js,2d66ca79,Allie Shi,2026-05-02,23:28:40,-07:00,2026-05-02T23:28:40-07:00,0,0
projects/projects.js,72,js,2d66ca79,Allie Shi,2026-05-02,23:28:40,-07:00,2026-05-02T23:28:40-07:00,4,43
projects/projects.js,73,js,2d66ca79,Allie Shi,2026-05-02,23:28:40,-07:00,2026-05-02T23:28:40-07:00,0,0
projects/projects.js,74,js,2d66ca79,Allie Shi,2026-05-02,23:28:40,-07:00,2026-05-02T23:28:40-07:00,4,30
projects/projects.js,75,js,2d66ca79,Allie Shi,2026-05-02,23:28:40,-07:00,2026-05-02T23:28:40-07:00,0,0
projects/projects.js,76,js,2d66ca79,Allie Shi,2026-05-02,23:28:40,-07:00,2026-05-02T23:28:40-07:00,4,25
projects/projects.js,77,js,2d66ca79,Allie Shi,2026-05-02,23:28:40,-07:00,2026-05-02T23:28:40-07:00,6,45
projects/projects.js,78,js,2d66ca79,Allie Shi,2026-05-02,23:28:40,-07:00,2026-05-02T23:28:40-07:00,6,55
projects/projects.js,79,js,2d66ca79,Allie Shi,2026-05-02,23:28:40,-07:00,2026-05-02T23:28:40-07:00,4,0
projects/projects.js,80,js,2d66ca79,Allie Shi,2026-05-02,23:28:40,-07:00,2026-05-02T23:28:40-07:00,0,0
projects/projects.js,81,js,2d66ca79,Allie Shi,2026-05-02,23:28:40,-07:00,2026-05-02T23:28:40-07:00,4,48
projects/projects.js,82,js,2d66ca79,Allie Shi,2026-05-02,23:28:40,-07:00,2026-05-02T23:28:40-07:00,0,0
projects/projects.js,83,js,2d66ca79,Allie Shi,2026-05-02,23:28:40,-07:00,2026-05-02T23:28:40-07:00,4,19
projects/projects.js,84,js,2d66ca79,Allie Shi,2026-05-02,23:28:40,-07:00,2026-05-02T23:28:40-07:00,4,24
projects/projects.js,85,js,2d66ca79,Allie Shi,2026-05-02,23:28:40,-07:00,2026-05-02T23:28:40-07:00,6,39
projects/projects.js,86,js,a0123179,Allie Shi,2026-05-07,00:12:24,-07:00,2026-05-07T00:12:24-07:00,4,0
projects/projects.js,87,js,a0123179,Allie Shi,2026-05-07,00:12:24,-07:00,2026-05-07T00:12:24-07:00,4,24
projects/projects.js,88,js,a0123179,Allie Shi,2026-05-07,00:12:24,-07:00,2026-05-07T00:12:24-07:00,6,19
projects/projects.js,89,js,a0123179,Allie Shi,2026-05-07,00:12:24,-07:00,2026-05-07T00:12:24-07:00,8,14
projects/projects.js,90,js,a0123179,Allie Shi,2026-05-07,00:12:24,-07:00,2026-05-07T00:12:24-07:00,8,10
projects/projects.js,91,js,2d66ca79,Allie Shi,2026-05-02,23:28:40,-07:00,2026-05-02T23:28:40-07:00,4,0
projects/projects.js,92,js,2d66ca79,Allie Shi,2026-05-02,23:28:40,-07:00,2026-05-02T23:28:40-07:00,0,0
projects/projects.js,93,js,2d66ca79,Allie Shi,2026-05-02,23:28:40,-07:00,2026-05-02T23:28:40-07:00,4,20
projects/projects.js,94,js,2d66ca79,Allie Shi,2026-05-02,23:28:40,-07:00,2026-05-02T23:28:40-07:00,4,24
projects/projects.js,95,js,2d66ca79,Allie Shi,2026-05-02,23:28:40,-07:00,2026-05-02T23:28:40-07:00,6,39
projects/projects.js,96,js,2d66ca79,Allie Shi,2026-05-02,23:28:40,-07:00,2026-05-02T23:28:40-07:00,4,0
projects/projects.js,97,js,2d66ca79,Allie Shi,2026-05-02,23:28:40,-07:00,2026-05-02T23:28:40-07:00,2,1
projects/projects.js,98,js,2d66ca79,Allie Shi,2026-05-02,23:28:40,-07:00,2026-05-02T23:28:40-07:00,0,0
projects/projects.js,99,js,2d66ca79,Allie Shi,2026-05-02,23:28:40,-07:00,2026-05-02T23:28:40-07:00,2,20
projects/projects.js,100,js,2d66ca79,Allie Shi,2026-05-02,23:28:40,-07:00,2026-05-02T23:28:40-07:00,2,9
projects/projects.js,101,js,2d66ca79,Allie Shi,2026-05-02,23:28:40,-07:00,2026-05-02T23:28:40-07:00,2,9
projects/projects.js,102,js,2d66ca79,Allie Shi,2026-05-02,23:28:40,-07:00,2026-05-02T23:28:40-07:00,2,45
projects/projects.js,103,js,2d66ca79,Allie Shi,2026-05-02,23:28:40,-07:00,2026-05-02T23:28:40-07:00,2,22
projects/projects.js,104,js,2d66ca79,Allie Shi,2026-05-02,23:28:40,-07:00,2026-05-02T23:28:40-07:00,4,37
projects/projects.js,105,js,2d66ca79,Allie Shi,2026-05-02,23:28:40,-07:00,2026-05-02T23:28:40-07:00,2,0
projects/projects.js,106,js,2d66ca79,Allie Shi,2026-05-02,23:28:40,-07:00,2026-05-02T23:28:40-07:00,2,65
projects/projects.js,107,js,651af457,Allie Shi,2026-05-02,22:58:33,-07:00,2026-05-02T22:58:33-07:00,0,0
projects/projects.js,108,js,651af457,Allie Shi,2026-05-02,22:58:33,-07:00,2026-05-02T22:58:33-07:00,0,0
projects/projects.js,109,js,651af457,Allie Shi,2026-05-02,22:58:33,-07:00,2026-05-02T22:58:33-07:00,0,0
projects/projects.js,110,js,2d66ca79,Allie Shi,2026-05-02,23:28:40,-07:00,2026-05-02T23:28:40-07:00,0,48
projects/projects.js,111,js,2d66ca79,Allie Shi,2026-05-02,23:28:40,-07:00,2026-05-02T23:28:40-07:00,0,23
projects/projects.js,112,js,651af457,Allie Shi,2026-05-02,22:58:33,-07:00,2026-05-02T22:58:33-07:00,0,0
projects/projects.js,113,js,2d66ca79,Allie Shi,2026-05-02,23:28:40,-07:00,2026-05-02T23:28:40-07:00,0,48
projects/projects.js,114,js,2d66ca79,Allie Shi,2026-05-02,23:28:40,-07:00,2026-05-02T23:28:40-07:00,2,39
projects/projects.js,115,js,c22a513a,Allie Shi,2026-05-02,22:28:44,-07:00,2026-05-02T22:28:44-07:00,0,0
projects/projects.js,116,js,2d66ca79,Allie Shi,2026-05-02,23:28:40,-07:00,2026-05-02T23:28:40-07:00,2,17
projects/projects.js,117,js,8c2a9c2b,Allie Shi,2026-05-02,22:15:16,-07:00,2026-05-02T22:15:16-07:00,0,0
projects/projects.js,118,js,2d66ca79,Allie Shi,2026-05-02,23:28:40,-07:00,2026-05-02T23:28:40-07:00,2,32
projects/projects.js,119,js,8c2a9c2b,Allie Shi,2026-05-02,22:15:16,-07:00,2026-05-02T22:15:16-07:00,0,0
projects/projects.js,120,js,2d66ca79,Allie Shi,2026-05-02,23:28:40,-07:00,2026-05-02T23:28:40-07:00,2,48
projects/projects.js,121,js,2d66ca79,Allie Shi,2026-05-02,23:28:40,-07:00,2026-05-02T23:28:40-07:00,2,23
projects/projects.js,122,js,651af457,Allie Shi,2026-05-02,22:58:33,-07:00,2026-05-02T22:58:33-07:00,0,1
projects/index.html,1,html,b4574ee4,Allie Shi,2026-04-02,11:02:20,-07:00,2026-04-02T11:02:20-07:00,0,13
projects/index.html,2,html,b4574ee4,Allie Shi,2026-04-02,11:02:20,-07:00,2026-04-02T11:02:20-07:00,0,14
projects/index.html,3,html,1741e0f5,Allie Shi,2026-04-17,13:20:45,-07:00,2026-04-17T13:20:45-07:00,2,0
projects/index.html,4,html,b4574ee4,Allie Shi,2026-04-02,11:02:20,-07:00,2026-04-02T11:02:20-07:00,0,4
projects/index.html,5,html,b4574ee4,Allie Shi,2026-04-02,11:02:20,-07:00,2026-04-02T11:02:20-07:00,2,20
projects/index.html,6,html,b4574ee4,Allie Shi,2026-04-02,11:02:20,-07:00,2026-04-02T11:02:20-07:00,2,68
projects/index.html,7,html,b4574ee4,Allie Shi,2026-04-02,11:02:20,-07:00,2026-04-02T11:02:20-07:00,2,32
projects/index.html,8,html,01f50896,Allie Shi,2026-04-03,10:06:40,-07:00,2026-04-03T10:06:40-07:00,2,41
projects/index.html,9,html,d3b76f07,Allie Shi,2026-04-17,18:41:03,-07:00,2026-04-17T18:41:03-07:00,2,0
projects/index.html,10,html,b4574ee4,Allie Shi,2026-04-02,11:02:20,-07:00,2026-04-02T11:02:20-07:00,0,5
projects/index.html,11,html,b4574ee4,Allie Shi,2026-04-02,11:02:20,-07:00,2026-04-02T11:02:20-07:00,0,4
projects/index.html,12,html,0733bead,Allie Shi,2026-04-24,13:32:24,-07:00,2026-04-24T13:32:24-07:00,2,54
projects/index.html,13,html,f4ea5111,Allie Shi,2026-05-01,12:08:52,-07:00,2026-05-01T12:08:52-07:00,0,0
projects/index.html,14,html,c85d9f54,Allie Shi,2026-05-02,21:22:47,-07:00,2026-05-02T21:22:47-07:00,0,0
projects/index.html,15,html,33a0768d,Allie Shi,2026-05-02,20:58:44,-07:00,2026-05-02T20:58:44-07:00,2,21
projects/index.html,16,html,77c38f60,Allie Shi,2026-05-02,21:34:12,-07:00,2026-05-02T21:34:12-07:00,4,58
projects/index.html,17,html,33a0768d,Allie Shi,2026-05-02,20:58:44,-07:00,2026-05-02T20:58:44-07:00,4,22
projects/index.html,18,html,33a0768d,Allie Shi,2026-05-02,20:58:44,-07:00,2026-05-02T20:58:44-07:00,2,4
projects/index.html,19,html,755e8a77,Allie Shi,2026-05-02,21:49:40,-07:00,2026-05-02T21:49:40-07:00,2,4
projects/index.html,20,html,755e8a77,Allie Shi,2026-05-02,21:49:40,-07:00,2026-05-02T21:49:40-07:00,4,15
projects/index.html,21,html,755e8a77,Allie Shi,2026-05-02,21:49:40,-07:00,2026-05-02T21:49:40-07:00,4,11
projects/index.html,22,html,755e8a77,Allie Shi,2026-05-02,21:49:40,-07:00,2026-05-02T21:49:40-07:00,4,26
projects/index.html,23,html,755e8a77,Allie Shi,2026-05-02,21:49:40,-07:00,2026-05-02T21:49:40-07:00,4,31
projects/index.html,24,html,755e8a77,Allie Shi,2026-05-02,21:49:40,-07:00,2026-05-02T21:49:40-07:00,2,0
projects/index.html,25,html,f98dffc8,Allie Shi,2026-05-01,12:03:16,-07:00,2026-05-01T12:03:16-07:00,2,26
projects/index.html,26,html,f98dffc8,Allie Shi,2026-05-01,12:03:16,-07:00,2026-05-01T12:03:16-07:00,2,0
projects/index.html,27,html,f98dffc8,Allie Shi,2026-05-01,12:03:16,-07:00,2026-05-01T12:03:16-07:00,2,0
projects/index.html,28,html,5bfa0609,Allie Shi,2026-05-01,11:52:15,-07:00,2026-05-01T11:52:15-07:00,2,48
projects/index.html,29,html,5bfa0609,Allie Shi,2026-05-01,11:52:15,-07:00,2026-05-01T11:52:15-07:00,2,47
projects/index.html,30,html,5bfa0609,Allie Shi,2026-05-01,11:52:15,-07:00,2026-05-01T11:52:15-07:00,2,0
projects/index.html,31,html,b4574ee4,Allie Shi,2026-04-02,11:02:20,-07:00,2026-04-02T11:02:20-07:00,0,5
projects/index.html,32,html,b4574ee4,Allie Shi,2026-04-02,11:02:20,-07:00,2026-04-02T11:02:20-07:00,0,5
meta/main.js,1,js,f9e06968,Allie Shi,2026-05-07,13:58:02,-07:00,2026-05-07T13:58:02-07:00,0,63
meta/main.js,2,js,f9e06968,Allie Shi,2026-05-07,13:58:02,-07:00,2026-05-07T13:58:02-07:00,0,25
meta/main.js,3,js,f9e06968,Allie Shi,2026-05-07,13:58:02,-07:00,2026-05-07T13:58:02-07:00,1,35
meta/main.js,4,js,f9e06968,Allie Shi,2026-05-07,13:58:02,-07:00,2026-05-07T13:58:02-07:00,1,16
meta/main.js,5,js,f9e06968,Allie Shi,2026-05-07,13:58:02,-07:00,2026-05-07T13:58:02-07:00,1,10
meta/main.js,6,js,f9e06968,Allie Shi,2026-05-07,13:58:02,-07:00,2026-05-07T13:58:02-07:00,0,0
meta/main.js,7,js,f9e06968,Allie Shi,2026-05-07,13:58:02,-07:00,2026-05-07T13:58:02-07:00,0,26
meta/index.html,1,html,217aba97,Allie Shi,2026-05-07,13:49:50,-07:00,2026-05-07T13:49:50-07:00,0,13
meta/index.html,2,html,217aba97,Allie Shi,2026-05-07,13:49:50,-07:00,2026-05-07T13:49:50-07:00,0,28
meta/index.html,3,html,217aba97,Allie Shi,2026-05-07,13:49:50,-07:00,2026-05-07T13:49:50-07:00,0,0
meta/index.html,4,html,217aba97,Allie Shi,2026-05-07,13:49:50,-07:00,2026-05-07T13:49:50-07:00,0,4
meta/index.html,5,html,217aba97,Allie Shi,2026-05-07,13:49:50,-07:00,2026-05-07T13:49:50-07:00,2,20
meta/index.html,6,html,217aba97,Allie Shi,2026-05-07,13:49:50,-07:00,2026-05-07T13:49:50-07:00,2,68
meta/index.html,7,html,217aba97,Allie Shi,2026-05-07,13:49:50,-07:00,2026-05-07T13:49:50-07:00,2,17
meta/index.html,8,html,217aba97,Allie Shi,2026-05-07,13:49:50,-07:00,2026-05-07T13:49:50-07:00,2,41
meta/index.html,9,html,217aba97,Allie Shi,2026-05-07,13:49:50,-07:00,2026-05-07T13:49:50-07:00,2,0
meta/index.html,10,html,217aba97,Allie Shi,2026-05-07,13:49:50,-07:00,2026-05-07T13:49:50-07:00,0,5
meta/index.html,11,html,217aba97,Allie Shi,2026-05-07,13:49:50,-07:00,2026-05-07T13:49:50-07:00,0,4
meta/index.html,12,html,f9e06968,Allie Shi,2026-05-07,13:58:02,-07:00,2026-05-07T13:58:02-07:00,2,0
meta/index.html,13,html,217aba97,Allie Shi,2026-05-07,13:49:50,-07:00,2026-05-07T13:49:50-07:00,2,11
meta/index.html,14,html,f9e06968,Allie Shi,2026-05-07,13:58:02,-07:00,2026-05-07T13:58:02-07:00,2,20
meta/index.html,15,html,217aba97,Allie Shi,2026-05-07,13:49:50,-07:00,2026-05-07T13:49:50-07:00,2,60
meta/index.html,16,html,217aba97,Allie Shi,2026-05-07,13:49:50,-07:00,2026-05-07T13:49:50-07:00,2,48
meta/index.html,17,html,217aba97,Allie Shi,2026-05-07,13:49:50,-07:00,2026-05-07T13:49:50-07:00,2,47
meta/index.html,18,html,00000000,Not Committed Yet,2026-05-07,14:09:24,-07:00,2026-05-07T14:09:24-07:00,2,51
meta/index.html,19,html,217aba97,Allie Shi,2026-05-07,13:49:50,-07:00,2026-05-07T13:49:50-07:00,2,0
meta/index.html,20,html,217aba97,Allie Shi,2026-05-07,13:49:50,-07:00,2026-05-07T13:49:50-07:00,0,5
meta/index.html,21,html,217aba97,Allie Shi,2026-05-07,13:49:50,-07:00,2026-05-07T13:49:50-07:00,0,5
contact/index.html,1,html,b4574ee4,Allie Shi,2026-04-02,11:02:20,-07:00,2026-04-02T11:02:20-07:00,0,13
contact/index.html,2,html,338e0c5e,Allie Shi,2026-04-09,16:54:18,-07:00,2026-04-09T16:54:18-07:00,0,30
contact/index.html,3,html,1741e0f5,Allie Shi,2026-04-17,13:20:45,-07:00,2026-04-17T13:20:45-07:00,2,0
contact/index.html,4,html,b4574ee4,Allie Shi,2026-04-02,11:02:20,-07:00,2026-04-02T11:02:20-07:00,0,4
contact/index.html,5,html,b4574ee4,Allie Shi,2026-04-02,11:02:20,-07:00,2026-04-02T11:02:20-07:00,2,20
contact/index.html,6,html,b4574ee4,Allie Shi,2026-04-02,11:02:20,-07:00,2026-04-02T11:02:20-07:00,2,68
contact/index.html,7,html,b4574ee4,Allie Shi,2026-04-02,11:02:20,-07:00,2026-04-02T11:02:20-07:00,2,31
contact/index.html,8,html,01f50896,Allie Shi,2026-04-03,10:06:40,-07:00,2026-04-03T10:06:40-07:00,2,41
contact/index.html,9,html,d3b76f07,Allie Shi,2026-04-17,18:41:03,-07:00,2026-04-17T18:41:03-07:00,2,0
contact/index.html,10,html,b4574ee4,Allie Shi,2026-04-02,11:02:20,-07:00,2026-04-02T11:02:20-07:00,0,5
contact/index.html,11,html,b4574ee4,Allie Shi,2026-04-02,11:02:20,-07:00,2026-04-02T11:02:20-07:00,0,4
contact/index.html,12,html,1569ded7,Allie Shi,2026-04-17,18:58:51,-07:00,2026-04-17T18:58:51-07:00,2,48
contact/index.html,13,html,f19e2686,Allie Shi,2026-04-17,19:14:24,-07:00,2026-04-17T19:14:24-07:00,2,14
contact/index.html,14,html,1569ded7,Allie Shi,2026-04-17,18:58:51,-07:00,2026-04-17T18:58:51-07:00,2,0
contact/index.html,15,html,f19e2686,Allie Shi,2026-04-17,19:14:24,-07:00,2026-04-17T19:14:24-07:00,0,0
contact/index.html,16,html,3d8fb86f,Allie Shi,2026-04-17,19:46:51,-07:00,2026-04-17T19:46:51-07:00,2,50
contact/index.html,17,html,8181649e,Allie Shi,2026-04-02,23:40:09,-07:00,2026-04-02T23:40:09-07:00,4,5
contact/index.html,18,html,8181649e,Allie Shi,2026-04-02,23:40:09,-07:00,2026-04-02T23:40:09-07:00,6,12
contact/index.html,19,html,8181649e,Allie Shi,2026-04-02,23:40:09,-07:00,2026-04-02T23:40:09-07:00,6,40
contact/index.html,20,html,8181649e,Allie Shi,2026-04-02,23:40:09,-07:00,2026-04-02T23:40:09-07:00,4,6
contact/index.html,21,html,8181649e,Allie Shi,2026-04-02,23:40:09,-07:00,2026-04-02T23:40:09-07:00,4,5
contact/index.html,22,html,8181649e,Allie Shi,2026-04-02,23:40:09,-07:00,2026-04-02T23:40:09-07:00,6,6
contact/index.html,23,html,8181649e,Allie Shi,2026-04-02,23:40:09,-07:00,2026-04-02T23:40:09-07:00,6,20
contact/index.html,24,html,8181649e,Allie Shi,2026-04-02,23:40:09,-07:00,2026-04-02T23:40:09-07:00,4,6
contact/index.html,25,html,8181649e,Allie Shi,2026-04-02,23:40:09,-07:00,2026-04-02T23:40:09-07:00,4,5
contact/index.html,26,html,8181649e,Allie Shi,2026-04-02,23:40:09,-07:00,2026-04-02T23:40:09-07:00,6,6
contact/index.html,27,html,8181649e,Allie Shi,2026-04-02,23:40:09,-07:00,2026-04-02T23:40:09-07:00,6,31
contact/index.html,28,html,8181649e,Allie Shi,2026-04-02,23:40:09,-07:00,2026-04-02T23:40:09-07:00,4,6
contact/index.html,29,html,8181649e,Allie Shi,2026-04-02,23:40:09,-07:00,2026-04-02T23:40:09-07:00,6,0
contact/index.html,30,html,338e0c5e,Allie Shi,2026-04-09,16:54:18,-07:00,2026-04-09T16:54:18-07:00,4,36
contact/index.html,31,html,8181649e,Allie Shi,2026-04-02,23:40:09,-07:00,2026-04-02T23:40:09-07:00,3,0
contact/index.html,32,html,8181649e,Allie Shi,2026-04-02,23:40:09,-07:00,2026-04-02T23:40:09-07:00,2,5
contact/index.html,33,html,b4574ee4,Allie Shi,2026-04-02,11:02:20,-07:00,2026-04-02T11:02:20-07:00,0,5
contact/index.html,34,html,b4574ee4,Allie Shi,2026-04-02,11:02:20,-07:00,2026-04-02T11:02:20-07:00,0,5
